,yearID,lgID,teamID,franchID,teamIDfg,teamIDBR,teamIDretro
0,1876,NL,BSN,ATL,16,BSN,BSN
1,1876,NL,CHN,CHC,17,CHC,CHN
2,1876,NL,CN1,CNR,1028,CIN,CN1
3,1876,NL,HAR,HAR,1033,HAR,HAR
4,1876,NL,LS1,LGR,1043,LOU,LS1
5,1876,NL,NY3,NYU,1053,NYU,NY3
6,1876,NL,PHN,ATH,1002,ATH,PHN
7,1876,NL,SL3,SBS,1070,STL,SL3
8,1877,NL,BSN,ATL,16,BSN,BSN
9,1877,NL,CHN,CHC,17,CHC,CHN
10,1877,NL,CN1,CNR,1028,CIN,CN1
11,1877,NL,HAR,HAR,1033,HAR,HAR
12,1877,NL,LS1,LGR,1043,LOU,LS1
13,1877,NL,SL3,SBS,1070,STL,SL3
14,1878,NL,BSN,ATL,16,BSN,BSN
15,1878,NL,CHN,CHC,17,CHC,CHN
16,1878,NL,CN1,CNR,1028,CIN,CN1
17,1878,NL,IN1,IBL,1035,IND,IN1
18,1878,NL,ML2,MLG,1048,MLG,ML2
19,1878,NL,PRO,PRO,1064,PRO,PRO
20,1879,NL,BFN,BUF,1015,BUF,BFN
21,1879,NL,BSN,ATL,16,BSN,BSN
22,1879,NL,CHN,CHC,17,CHC,CHN
23,1879,NL,CL2,CBL,1018,CLV,CL2
24,1879,NL,CN1,CNR,1028,CIN,CN1
25,1879,NL,PRO,PRO,1064,PRO,PRO
26,1879,NL,SR1,SYR,1076,SYR,SR1
27,1879,NL,TRN,TRT,1081,TRO,TRN
28,1880,NL,BFN,BUF,1015,BUF,BFN
29,1880,NL,BSN,ATL,16,BSN,BSN
30,1880,NL,CHN,CHC,17,CHC,CHN
31,1880,NL,CL2,CBL,1018,CLV,CL2
32,1880,NL,CN1,CNR,1028,CIN,CN4
33,1880,NL,PRO,PRO,1064,PRO,PRO
34,1880,NL,TRN,TRT,1081,TRO,TRN
35,1880,NL,WOR,WOR,1089,WOR,WOR
36,1881,NL,BFN,BUF,1015,BUF,BFN
37,1881,NL,BSN,ATL,16,BSN,BSN
38,1881,NL,CHN,CHC,17,CHC,CHN
39,1881,NL,CL2,CBL,1018,CLV,CL2
40,1881,NL,DTN,DTN,1031,DTN,DTN
41,1881,NL,PRO,PRO,1064,PRO,PRO
42,1881,NL,TRN,TRT,1081,TRO,TRN
43,1881,NL,WOR,WOR,1089,WOR,WOR
44,1882,AA,BL2,BLO,1006,BAL,BL5
45,1882,AA,CN2,CIN,18,CIN,CN2
46,1882,AA,LS2,LOU,1044,LOU,LS2
47,1882,AA,PH4,PHA,1060,PHA,PH4
48,1882,AA,PT1,PIT,27,PIT,PT1
49,1882,AA,SL4,STL,28,STL,SL4
50,1882,NL,BFN,BUF,1015,BUF,BFN
51,1882,NL,BSN,ATL,16,BSN,BSN
52,1882,NL,CHN,CHC,17,CHC,CHN
53,1882,NL,CL2,CBL,1018,CLV,CL2
54,1882,NL,DTN,DTN,1031,DTN,DTN
55,1882,NL,PRO,PRO,1064,PRO,PRO
56,1882,NL,TRN,TRT,1081,TRO,TRN
57,1882,NL,WOR,WOR,1089,WOR,WOR
58,1883,AA,BL2,BLO,1006,BAL,BL2
59,1883,AA,CL5,CBK,1017,COL,CL5
60,1883,AA,CN2,CIN,18,CIN,CN2
61,1883,AA,LS2,LOU,1044,LOU,LS2
62,1883,AA,NY4,NYP,1055,NYP,NY4
63,1883,AA,PH4,PHA,1060,PHA,PH4
64,1883,AA,PT1,PIT,27,PIT,PT1
65,1883,AA,SL4,STL,28,STL,SL4
66,1883,NL,BFN,BUF,1015,BUF,BFN
67,1883,NL,BSN,ATL,16,BSN,BSN
68,1883,NL,CHN,CHC,17,CHC,CHN
69,1883,NL,CL2,CBL,1018,CLV,CL2
70,1883,NL,DTN,DTN,1031,DTN,DTN
71,1883,NL,NY1,SFG,30,NYG,NY1
72,1883,NL,PHI,PHI,26,PHI,PHI
73,1883,NL,PRO,PRO,1064,PRO,PRO
74,1884,AA,BL2,BLO,1006,BAL,BL2
75,1884,AA,BR3,LAD,22,BRO,BR3
76,1884,AA,CL5,CBK,1017,COL,CL5
77,1884,AA,CN2,CIN,18,CIN,CN2
78,1884,AA,IN2,IHO,1036,IND,IN2
79,1884,AA,LS2,LOU,1044,LOU,LS2
80,1884,AA,NY4,NYP,1055,NYP,NY4
81,1884,AA,PH4,PHA,1060,PHA,PH4
82,1884,AA,PT1,PIT,27,PIT,PT1
83,1884,AA,RIC,RIC,1067,RIC,RIC
84,1884,AA,SL4,STL,28,STL,SL4
85,1884,AA,TL1,TOL,1079,TOL,TL1
86,1884,AA,WS7,WST,1086,WAS,WS7
87,1884,NL,BFN,BUF,1015,BUF,BFN
88,1884,NL,BSN,ATL,16,BSN,BSN
89,1884,NL,CHN,CHC,17,CHC,CHN
90,1884,NL,CL2,CBL,1018,CLV,CL2
91,1884,NL,DTN,DTN,1031,DTN,DTN
92,1884,NL,NY1,SFG,30,NYG,NY1
93,1884,NL,PHI,PHI,26,PHI,PHI
94,1884,NL,PRO,PRO,1064,PRO,PRO
95,1884,UA,ALT,ALT,1001,ALT,ALT
96,1884,UA,BLU,BLU,1008,BLU,BLU
97,1884,UA,BSU,BRD,1011,BOS,BSU
98,1884,UA,CHU,CPI,1030,CPI,CHU
99,1884,UA,CNU,COR,1029,COR,CNU
100,1884,UA,KCU,KCU,1041,KCC,KCU
101,1884,UA,MLU,MLU,1049,MIL,MLU
102,1884,UA,PHU,PHK,1061,PHK,PHU
103,1884,UA,SLU,SLM,1072,SLM,SLU
104,1884,UA,SPU,STP,1075,STP,SPU
105,1884,UA,WIL,WIL,1085,WIL,WIL
106,1884,UA,WSU,WNA,1090,WHS,WSU
107,1885,AA,BL2,BLO,1006,BAL,BL2
108,1885,AA,BR3,LAD,22,BRO,BR3
109,1885,AA,CN2,CIN,18,CIN,CN2
110,1885,AA,LS2,LOU,1044,LOU,LS2
111,1885,AA,NY4,NYP,1055,NYP,NY4
112,1885,AA,PH4,PHA,1060,PHA,PH4
113,1885,AA,PT1,PIT,27,PIT,PT1
114,1885,AA,SL4,STL,28,STL,SL4
115,1885,NL,BFN,BUF,1015,BUF,BFN
116,1885,NL,BSN,ATL,16,BSN,BSN
117,1885,NL,CHN,CHC,17,CHC,CHN
118,1885,NL,DTN,DTN,1031,DTN,DTN
119,1885,NL,NY1,SFG,30,NYG,NY1
120,1885,NL,PHI,PHI,26,PHI,PHI
121,1885,NL,PRO,PRO,1064,PRO,PRO
122,1885,NL,SL5,SLM,1072,SLM,SL5
123,1886,AA,BL2,BLO,1006,BAL,BL2
124,1886,AA,BR3,LAD,22,BRO,BR3
125,1886,AA,CN2,CIN,18,CIN,CN2
126,1886,AA,LS2,LOU,1044,LOU,LS2
127,1886,AA,NY4,NYP,1055,NYP,NY4
128,1886,AA,PH4,PHA,1060,PHA,PH4
129,1886,AA,PT1,PIT,27,PIT,PT1
130,1886,AA,SL4,STL,28,STL,SL4
131,1886,NL,BSN,ATL,16,BSN,BSN
132,1886,NL,CHN,CHC,17,CHC,CHN
133,1886,NL,DTN,DTN,1031,DTN,DTN
134,1886,NL,KCN,KCN,1039,KCN,KCN
135,1886,NL,NY1,SFG,30,NYG,NY1
136,1886,NL,PHI,PHI,26,PHI,PHI
137,1886,NL,SL5,SLM,1072,SLM,SL5
138,1886,NL,WS8,WNL,1087,WHS,WS8
139,1887,AA,BL2,BLO,1006,BAL,BL2
140,1887,AA,BR3,LAD,22,BRO,BR3
141,1887,AA,CL3,CLV,1026,CLE,CL3
142,1887,AA,CN2,CIN,18,CIN,CN2
143,1887,AA,LS2,LOU,1044,LOU,LS2
144,1887,AA,NY4,NYP,1055,NYP,NY4
145,1887,AA,PH4,PHA,1060,PHA,PH4
146,1887,AA,SL4,STL,28,STL,SL4
147,1887,NL,BSN,ATL,16,BSN,BSN
148,1887,NL,CHN,CHC,17,CHC,CHN
149,1887,NL,DTN,DTN,1031,DTN,DTN
150,1887,NL,IN3,IND,1037,IND,IN3
151,1887,NL,NY1,SFG,30,NYG,NY1
152,1887,NL,PHI,PHI,26,PHI,PHI
153,1887,NL,PIT,PIT,27,PIT,PIT
154,1887,NL,WS8,WNL,1087,WHS,WS8
155,1888,AA,BL2,BLO,1006,BAL,BL2
156,1888,AA,BR3,LAD,22,BRO,BR3
157,1888,AA,CL3,CLV,1026,CLE,CL3
158,1888,AA,CN2,CIN,18,CIN,CN2
159,1888,AA,KC2,KCC,1038,KCC,KC2
160,1888,AA,LS2,LOU,1044,LOU,LS2
161,1888,AA,PH4,PHA,1060,PHA,PH4
162,1888,AA,SL4,STL,28,STL,SL4
163,1888,NL,BSN,ATL,16,BSN,BSN
164,1888,NL,CHN,CHC,17,CHC,CHN
165,1888,NL,DTN,DTN,1031,DTN,DTN
166,1888,NL,IN3,IND,1037,IND,IN3
167,1888,NL,NY1,SFG,30,NYG,NY1
168,1888,NL,PHI,PHI,26,PHI,PHI
169,1888,NL,PIT,PIT,27,PIT,PIT
170,1888,NL,WS8,WNL,1087,WHS,WS8
171,1889,AA,BL2,BLO,1006,BAL,BL2
172,1889,AA,BR3,LAD,22,BRO,BR3
173,1889,AA,CL6,CLS,1025,COL,CL6
174,1889,AA,CN2,CIN,18,CIN,CN2
175,1889,AA,KC2,KCC,1038,KCC,KC2
176,1889,AA,LS2,LOU,1044,LOU,LS2
177,1889,AA,PH4,PHA,1060,PHA,PH4
178,1889,AA,SL4,STL,28,STL,SL4
179,1889,NL,BSN,ATL,16,BSN,BSN
180,1889,NL,CHN,CHC,17,CHC,CHN
181,1889,NL,CL4,CLV,1026,CLV,CL4
182,1889,NL,IN3,IND,1037,IND,IN3
183,1889,NL,NY1,SFG,30,NYG,NY1
184,1889,NL,PHI,PHI,26,PHI,PHI
185,1889,NL,PIT,PIT,27,PIT,PIT
186,1889,NL,WS8,WNL,1087,WHS,WS8
187,1890,AA,BL3,BLO,1006,BAL,BL3
188,1890,AA,BR4,BRG,1012,BRG,BR4
189,1890,AA,CL6,CLS,1025,COL,CL6
190,1890,AA,LS2,LOU,1044,LOU,LS2
191,1890,AA,PH4,PHA,1060,PHA,PH4
192,1890,AA,RC2,ROC,1068,ROC,RC2
193,1890,AA,SL4,STL,28,STL,SL4
194,1890,AA,SR2,SYS,1077,SYR,SR2
195,1890,AA,TL2,TLM,1078,TOL,TL2
196,1890,NL,BRO,LAD,22,BRO,BRO
197,1890,NL,BSN,ATL,16,BSN,BSN
198,1890,NL,CHN,CHC,17,CHC,CHN
199,1890,NL,CIN,CIN,18,CIN,CIN
200,1890,NL,CL4,CLV,1026,CLV,CL4
201,1890,NL,NY1,SFG,30,NYG,NY1
202,1890,NL,PHI,PHI,26,PHI,PHI
203,1890,NL,PIT,PIT,27,PIT,PIT
204,1890,PL,BFP,BFB,1003,BUF,BFP
205,1890,PL,BRP,BWW,1016,BWW,BRP
206,1890,PL,BSP,BRS,1013,BOS,BSP
207,1890,PL,CHP,CHP,1022,CHI,CHP
208,1890,PL,CLP,CLI,1024,CLE,CLP
209,1890,PL,NYP,NYI,1054,NYI,NYP
210,1890,PL,PHP,PHQ,1062,PHQ,PHP
211,1890,PL,PTP,PBB,1058,PBB,PTP
212,1891,AA,BL3,BLO,1006,BAL,BL3
213,1891,AA,BS2,BRS,1013,BOS,BS2
214,1891,AA,CL6,CLS,1025,COL,CL6
215,1891,AA,CN3,CKK,1023,CKK,CN3
216,1891,AA,LS2,LOU,1044,LOU,LS2
217,1891,AA,ML3,MLA,1047,MIL,ML3
218,1891,AA,PH4,PHQ,1062,PHA,PH4
219,1891,AA,SL4,STL,28,STL,SL4
220,1891,AA,WS9,WAS,1082,WAS,WS9
221,1891,NL,BRO,LAD,22,BRO,BRO
222,1891,NL,BSN,ATL,16,BSN,BSN
223,1891,NL,CHN,CHC,17,CHC,CHN
224,1891,NL,CIN,CIN,18,CIN,CIN
225,1891,NL,CL4,CLV,1026,CLV,CL4
226,1891,NL,NY1,SFG,30,NYG,NY1
227,1891,NL,PHI,PHI,26,PHI,PHI
228,1891,NL,PIT,PIT,27,PIT,PIT
229,1892,NL,BLN,BLO,1006,BLN,BLN
230,1892,NL,BRO,LAD,22,BRO,BRO
231,1892,NL,BSN,ATL,16,BSN,BSN
232,1892,NL,CHN,CHC,17,CHC,CHN
233,1892,NL,CIN,CIN,18,CIN,CIN
234,1892,NL,CL4,CLV,1026,CLV,CL4
235,1892,NL,LS3,LOU,1044,LOU,LS3
236,1892,NL,NY1,SFG,30,NYG,NY1
237,1892,NL,PHI,PHI,26,PHI,PHI
238,1892,NL,PIT,PIT,27,PIT,PIT
239,1892,NL,SLN,STL,28,STL,SLN
240,1892,NL,WAS,WAS,1082,WHS,WSN
241,1893,NL,BLN,BLO,1006,BLN,BLN
242,1893,NL,BRO,LAD,22,BRO,BRO
243,1893,NL,BSN,ATL,16,BSN,BSN
244,1893,NL,CHN,CHC,17,CHC,CHN
245,1893,NL,CIN,CIN,18,CIN,CIN
246,1893,NL,CL4,CLV,1026,CLV,CL4
247,1893,NL,LS3,LOU,1044,LOU,LS3
248,1893,NL,NY1,SFG,30,NYG,NY1
249,1893,NL,PHI,PHI,26,PHI,PHI
250,1893,NL,PIT,PIT,27,PIT,PIT
251,1893,NL,SLN,STL,28,STL,SLN
252,1893,NL,WAS,WAS,1082,WHS,WSN
253,1894,NL,BLN,BLO,1006,BLN,BLN
254,1894,NL,BRO,LAD,22,BRO,BRO
255,1894,NL,BSN,ATL,16,BSN,BSN
256,1894,NL,CHN,CHC,17,CHC,CHN
257,1894,NL,CIN,CIN,18,CIN,CIN
258,1894,NL,CL4,CLV,1026,CLV,CL4
259,1894,NL,LS3,LOU,1044,LOU,LS3
260,1894,NL,NY1,SFG,30,NYG,NY1
261,1894,NL,PHI,PHI,26,PHI,PHI
262,1894,NL,PIT,PIT,27,PIT,PIT
263,1894,NL,SLN,STL,28,STL,SLN
264,1894,NL,WAS,WAS,1082,WHS,WSN
265,1895,NL,BLN,BLO,1006,BLN,BLN
266,1895,NL,BRO,LAD,22,BRO,BRO
267,1895,NL,BSN,ATL,16,BSN,BSN
268,1895,NL,CHN,CHC,17,CHC,CHN
269,1895,NL,CIN,CIN,18,CIN,CIN
270,1895,NL,CL4,CLV,1026,CLV,CL4
271,1895,NL,LS3,LOU,1044,LOU,LS3
272,1895,NL,NY1,SFG,30,NYG,NY1
273,1895,NL,PHI,PHI,26,PHI,PHI
274,1895,NL,PIT,PIT,27,PIT,PIT
275,1895,NL,SLN,STL,28,STL,SLN
276,1895,NL,WAS,WAS,1082,WHS,WSN
277,1896,NL,BLN,BLO,1006,BLN,BLN
278,1896,NL,BRO,LAD,22,BRO,BRO
279,1896,NL,BSN,ATL,16,BSN,BSN
280,1896,NL,CHN,CHC,17,CHC,CHN
281,1896,NL,CIN,CIN,18,CIN,CIN
282,1896,NL,CL4,CLV,1026,CLV,CL4
283,1896,NL,LS3,LOU,1044,LOU,LS3
284,1896,NL,NY1,SFG,30,NYG,NY1
285,1896,NL,PHI,PHI,26,PHI,PHI
286,1896,NL,PIT,PIT,27,PIT,PIT
287,1896,NL,SLN,STL,28,STL,SLN
288,1896,NL,WAS,WAS,1082,WHS,WSN
289,1897,NL,BLN,BLO,1006,BLN,BLN
290,1897,NL,BRO,LAD,22,BRO,BRO
291,1897,NL,BSN,ATL,16,BSN,BSN
292,1897,NL,CHN,CHC,17,CHC,CHN
293,1897,NL,CIN,CIN,18,CIN,CIN
294,1897,NL,CL4,CLV,1026,CLV,CL4
295,1897,NL,LS3,LOU,1044,LOU,LS3
296,1897,NL,NY1,SFG,30,NYG,NY1
297,1897,NL,PHI,PHI,26,PHI,PHI
298,1897,NL,PIT,PIT,27,PIT,PIT
299,1897,NL,SLN,STL,28,STL,SLN
300,1897,NL,WAS,WAS,1082,WHS,WSN
301,1898,NL,BLN,BLO,1006,BLN,BLN
302,1898,NL,BRO,LAD,22,BRO,BRO
303,1898,NL,BSN,ATL,16,BSN,BSN
304,1898,NL,CHN,CHC,17,CHC,CHN
305,1898,NL,CIN,CIN,18,CIN,CIN
306,1898,NL,CL4,CLV,1026,CLV,CL4
307,1898,NL,LS3,LOU,1044,LOU,LS3
308,1898,NL,NY1,SFG,30,NYG,NY1
309,1898,NL,PHI,PHI,26,PHI,PHI
310,1898,NL,PIT,PIT,27,PIT,PIT
311,1898,NL,SLN,STL,28,STL,SLN
312,1898,NL,WAS,WAS,1082,WHS,WSN
313,1899,NL,BLN,BLO,1006,BLN,BLN
314,1899,NL,BRO,LAD,22,BRO,BRO
315,1899,NL,BSN,ATL,16,BSN,BSN
316,1899,NL,CHN,CHC,17,CHC,CHN
317,1899,NL,CIN,CIN,18,CIN,CIN
318,1899,NL,CL4,CLV,1026,CLV,CL4
319,1899,NL,LS3,LOU,1044,LOU,LS3
320,1899,NL,NY1,SFG,30,NYG,NY1
321,1899,NL,PHI,PHI,26,PHI,PHI
322,1899,NL,PIT,PIT,27,PIT,PIT
323,1899,NL,SLN,STL,28,STL,SLN
324,1899,NL,WAS,WAS,1082,WHS,WSN
325,1900,NL,BRO,LAD,22,BRO,BRO
326,1900,NL,BSN,ATL,16,BSN,BSN
327,1900,NL,CHN,CHC,17,CHC,CHN
328,1900,NL,CIN,CIN,18,CIN,CIN
329,1900,NL,NY1,SFG,30,NYG,NY1
330,1900,NL,PHI,PHI,26,PHI,PHI
331,1900,NL,PIT,PIT,27,PIT,PIT
332,1900,NL,SLN,STL,28,STL,SLN
333,1901,AL,BLA,NYY,9,BLA,BLA
334,1901,AL,BOS,BOS,3,BOS,BOS
335,1901,AL,CHA,CHW,4,CHW,CHA
336,1901,AL,CLE,CLE,5,CLE,CLE
337,1901,AL,DET,DET,6,DET,DET
338,1901,AL,MLA,BAL,2,MLA,MLA
339,1901,AL,PHA,OAK,10,PHA,PHA
340,1901,AL,WS1,MIN,8,WSH,WS1
341,1901,NL,BRO,LAD,22,BRO,BRO
342,1901,NL,BSN,ATL,16,BSN,BSN
343,1901,NL,CHN,CHC,17,CHC,CHN
344,1901,NL,CIN,CIN,18,CIN,CIN
345,1901,NL,NY1,SFG,30,NYG,NY1
346,1901,NL,PHI,PHI,26,PHI,PHI
347,1901,NL,PIT,PIT,27,PIT,PIT
348,1901,NL,SLN,STL,28,STL,SLN
349,1902,AL,BLA,NYY,9,BLA,BLA
350,1902,AL,BOS,BOS,3,BOS,BOS
351,1902,AL,CHA,CHW,4,CHW,CHA
352,1902,AL,CLE,CLE,5,CLE,CLE
353,1902,AL,DET,DET,6,DET,DET
354,1902,AL,PHA,OAK,10,PHA,PHA
355,1902,AL,SLA,BAL,2,SLB,SLA
356,1902,AL,WS1,MIN,8,WSH,WS1
357,1902,NL,BRO,LAD,22,BRO,BRO
358,1902,NL,BSN,ATL,16,BSN,BSN
359,1902,NL,CHN,CHC,17,CHC,CHN
360,1902,NL,CIN,CIN,18,CIN,CIN
361,1902,NL,NY1,SFG,30,NYG,NY1
362,1902,NL,PHI,PHI,26,PHI,PHI
363,1902,NL,PIT,PIT,27,PIT,PIT
364,1902,NL,SLN,STL,28,STL,SLN
365,1903,AL,BOS,BOS,3,BOS,BOS
366,1903,AL,CHA,CHW,4,CHW,CHA
367,1903,AL,CLE,CLE,5,CLE,CLE
368,1903,AL,DET,DET,6,DET,DET
369,1903,AL,NYA,NYY,9,NYY,NYA
370,1903,AL,PHA,OAK,10,PHA,PHA
371,1903,AL,SLA,BAL,2,SLB,SLA
372,1903,AL,WS1,MIN,8,WSH,WS1
373,1903,NL,BRO,LAD,22,BRO,BRO
374,1903,NL,BSN,ATL,16,BSN,BSN
375,1903,NL,CHN,CHC,17,CHC,CHN
376,1903,NL,CIN,CIN,18,CIN,CIN
377,1903,NL,NY1,SFG,30,NYG,NY1
378,1903,NL,PHI,PHI,26,PHI,PHI
379,1903,NL,PIT,PIT,27,PIT,PIT
380,1903,NL,SLN,STL,28,STL,SLN
381,1904,AL,BOS,BOS,3,BOS,BOS
382,1904,AL,CHA,CHW,4,CHW,CHA
383,1904,AL,CLE,CLE,5,CLE,CLE
384,1904,AL,DET,DET,6,DET,DET
385,1904,AL,NYA,NYY,9,NYY,NYA
386,1904,AL,PHA,OAK,10,PHA,PHA
387,1904,AL,SLA,BAL,2,SLB,SLA
388,1904,AL,WS1,MIN,8,WSH,WS1
389,1904,NL,BRO,LAD,22,BRO,BRO
390,1904,NL,BSN,ATL,16,BSN,BSN
391,1904,NL,CHN,CHC,17,CHC,CHN
392,1904,NL,CIN,CIN,18,CIN,CIN
393,1904,NL,NY1,SFG,30,NYG,NY1
394,1904,NL,PHI,PHI,26,PHI,PHI
395,1904,NL,PIT,PIT,27,PIT,PIT
396,1904,NL,SLN,STL,28,STL,SLN
397,1905,AL,BOS,BOS,3,BOS,BOS
398,1905,AL,CHA,CHW,4,CHW,CHA
399,1905,AL,CLE,CLE,5,CLE,CLE
400,1905,AL,DET,DET,6,DET,DET
401,1905,AL,NYA,NYY,9,NYY,NYA
402,1905,AL,PHA,OAK,10,PHA,PHA
403,1905,AL,SLA,BAL,2,SLB,SLA
404,1905,AL,WS1,MIN,8,WSH,WS1
405,1905,NL,BRO,LAD,22,BRO,BRO
406,1905,NL,BSN,ATL,16,BSN,BSN
407,1905,NL,CHN,CHC,17,CHC,CHN
408,1905,NL,CIN,CIN,18,CIN,CIN
409,1905,NL,NY1,SFG,30,NYG,NY1
410,1905,NL,PHI,PHI,26,PHI,PHI
411,1905,NL,PIT,PIT,27,PIT,PIT
412,1905,NL,SLN,STL,28,STL,SLN
413,1906,AL,BOS,BOS,3,BOS,BOS
414,1906,AL,CHA,CHW,4,CHW,CHA
415,1906,AL,CLE,CLE,5,CLE,CLE
416,1906,AL,DET,DET,6,DET,DET
417,1906,AL,NYA,NYY,9,NYY,NYA
418,1906,AL,PHA,OAK,10,PHA,PHA
419,1906,AL,SLA,BAL,2,SLB,SLA
420,1906,AL,WS1,MIN,8,WSH,WS1
421,1906,NL,BRO,LAD,22,BRO,BRO
422,1906,NL,BSN,ATL,16,BSN,BSN
423,1906,NL,CHN,CHC,17,CHC,CHN
424,1906,NL,CIN,CIN,18,CIN,CIN
425,1906,NL,NY1,SFG,30,NYG,NY1
426,1906,NL,PHI,PHI,26,PHI,PHI
427,1906,NL,PIT,PIT,27,PIT,PIT
428,1906,NL,SLN,STL,28,STL,SLN
429,1907,AL,BOS,BOS,3,BOS,BOS
430,1907,AL,CHA,CHW,4,CHW,CHA
431,1907,AL,CLE,CLE,5,CLE,CLE
432,1907,AL,DET,DET,6,DET,DET
433,1907,AL,NYA,NYY,9,NYY,NYA
434,1907,AL,PHA,OAK,10,PHA,PHA
435,1907,AL,SLA,BAL,2,SLB,SLA
436,1907,AL,WS1,MIN,8,WSH,WS1
437,1907,NL,BRO,LAD,22,BRO,BRO
438,1907,NL,BSN,ATL,16,BSN,BSN
439,1907,NL,CHN,CHC,17,CHC,CHN
440,1907,NL,CIN,CIN,18,CIN,CIN
441,1907,NL,NY1,SFG,30,NYG,NY1
442,1907,NL,PHI,PHI,26,PHI,PHI
443,1907,NL,PIT,PIT,27,PIT,PIT
444,1907,NL,SLN,STL,28,STL,SLN
445,1908,AL,BOS,BOS,3,BOS,BOS
446,1908,AL,CHA,CHW,4,CHW,CHA
447,1908,AL,CLE,CLE,5,CLE,CLE
448,1908,AL,DET,DET,6,DET,DET
449,1908,AL,NYA,NYY,9,NYY,NYA
450,1908,AL,PHA,OAK,10,PHA,PHA
451,1908,AL,SLA,BAL,2,SLB,SLA
452,1908,AL,WS1,MIN,8,WSH,WS1
453,1908,NL,BRO,LAD,22,BRO,BRO
454,1908,NL,BSN,ATL,16,BSN,BSN
455,1908,NL,CHN,CHC,17,CHC,CHN
456,1908,NL,CIN,CIN,18,CIN,CIN
457,1908,NL,NY1,SFG,30,NYG,NY1
458,1908,NL,PHI,PHI,26,PHI,PHI
459,1908,NL,PIT,PIT,27,PIT,PIT
460,1908,NL,SLN,STL,28,STL,SLN
461,1909,AL,BOS,BOS,3,BOS,BOS
462,1909,AL,CHA,CHW,4,CHW,CHA
463,1909,AL,CLE,CLE,5,CLE,CLE
464,1909,AL,DET,DET,6,DET,DET
465,1909,AL,NYA,NYY,9,NYY,NYA
466,1909,AL,PHA,OAK,10,PHA,PHA
467,1909,AL,SLA,BAL,2,SLB,SLA
468,1909,AL,WS1,MIN,8,WSH,WS1
469,1909,NL,BRO,LAD,22,BRO,BRO
470,1909,NL,BSN,ATL,16,BSN,BSN
471,1909,NL,CHN,CHC,17,CHC,CHN
472,1909,NL,CIN,CIN,18,CIN,CIN
473,1909,NL,NY1,SFG,30,NYG,NY1
474,1909,NL,PHI,PHI,26,PHI,PHI
475,1909,NL,PIT,PIT,27,PIT,PIT
476,1909,NL,SLN,STL,28,STL,SLN
477,1910,AL,BOS,BOS,3,BOS,BOS
478,1910,AL,CHA,CHW,4,CHW,CHA
479,1910,AL,CLE,CLE,5,CLE,CLE
480,1910,AL,DET,DET,6,DET,DET
481,1910,AL,NYA,NYY,9,NYY,NYA
482,1910,AL,PHA,OAK,10,PHA,PHA
483,1910,AL,SLA,BAL,2,SLB,SLA
484,1910,AL,WS1,MIN,8,WSH,WS1
485,1910,NL,BRO,LAD,22,BRO,BRO
486,1910,NL,BSN,ATL,16,BSN,BSN
487,1910,NL,CHN,CHC,17,CHC,CHN
488,1910,NL,CIN,CIN,18,CIN,CIN
489,1910,NL,NY1,SFG,30,NYG,NY1
490,1910,NL,PHI,PHI,26,PHI,PHI
491,1910,NL,PIT,PIT,27,PIT,PIT
492,1910,NL,SLN,STL,28,STL,SLN
493,1911,AL,BOS,BOS,3,BOS,BOS
494,1911,AL,CHA,CHW,4,CHW,CHA
495,1911,AL,CLE,CLE,5,CLE,CLE
496,1911,AL,DET,DET,6,DET,DET
497,1911,AL,NYA,NYY,9,NYY,NYA
498,1911,AL,PHA,OAK,10,PHA,PHA
499,1911,AL,SLA,BAL,2,SLB,SLA
500,1911,AL,WS1,MIN,8,WSH,WS1
501,1911,NL,BRO,LAD,22,BRO,BRO
502,1911,NL,BSN,ATL,16,BSN,BSN
503,1911,NL,CHN,CHC,17,CHC,CHN
504,1911,NL,CIN,CIN,18,CIN,CIN
505,1911,NL,NY1,SFG,30,NYG,NY1
506,1911,NL,PHI,PHI,26,PHI,PHI
507,1911,NL,PIT,PIT,27,PIT,PIT
508,1911,NL,SLN,STL,28,STL,SLN
509,1912,AL,BOS,BOS,3,BOS,BOS
510,1912,AL,CHA,CHW,4,CHW,CHA
511,1912,AL,CLE,CLE,5,CLE,CLE
512,1912,AL,DET,DET,6,DET,DET
513,1912,AL,NYA,NYY,9,NYY,NYA
514,1912,AL,PHA,OAK,10,PHA,PHA
515,1912,AL,SLA,BAL,2,SLB,SLA
516,1912,AL,WS1,MIN,8,WSH,WS1
517,1912,NL,BRO,LAD,22,BRO,BRO
518,1912,NL,BSN,ATL,16,BSN,BSN
519,1912,NL,CHN,CHC,17,CHC,CHN
520,1912,NL,CIN,CIN,18,CIN,CIN
521,1912,NL,NY1,SFG,30,NYG,NY1
522,1912,NL,PHI,PHI,26,PHI,PHI
523,1912,NL,PIT,PIT,27,PIT,PIT
524,1912,NL,SLN,STL,28,STL,SLN
525,1913,AL,BOS,BOS,3,BOS,BOS
526,1913,AL,CHA,CHW,4,CHW,CHA
527,1913,AL,CLE,CLE,5,CLE,CLE
528,1913,AL,DET,DET,6,DET,DET
529,1913,AL,NYA,NYY,9,NYY,NYA
530,1913,AL,PHA,OAK,10,PHA,PHA
531,1913,AL,SLA,BAL,2,SLB,SLA
532,1913,AL,WS1,MIN,8,WSH,WS1
533,1913,NL,BRO,LAD,22,BRO,BRO
534,1913,NL,BSN,ATL,16,BSN,BSN
535,1913,NL,CHN,CHC,17,CHC,CHN
536,1913,NL,CIN,CIN,18,CIN,CIN
537,1913,NL,NY1,SFG,30,NYG,NY1
538,1913,NL,PHI,PHI,26,PHI,PHI
539,1913,NL,PIT,PIT,27,PIT,PIT
540,1913,NL,SLN,STL,28,STL,SLN
541,1914,AL,BOS,BOS,3,BOS,BOS
542,1914,AL,CHA,CHW,4,CHW,CHA
543,1914,AL,CLE,CLE,5,CLE,CLE
544,1914,AL,DET,DET,6,DET,DET
545,1914,AL,NYA,NYY,9,NYY,NYA
546,1914,AL,PHA,OAK,10,PHA,PHA
547,1914,AL,SLA,BAL,2,SLB,SLA
548,1914,AL,WS1,MIN,8,WSH,WS1
549,1914,FL,BLF,BLT,1007,BAL,BLF
550,1914,FL,BRF,BTT,1014,BTT,BRF
551,1914,FL,BUF,BFL,1004,BUF,BUF
552,1914,FL,CHF,CHH,1021,CHI,CHF
553,1914,FL,IND,NEW,1051,IND,IND
554,1914,FL,KCF,KCP,1040,KCP,KCF
555,1914,FL,PTF,PBS,1059,PBS,PTF
556,1914,FL,SLF,SLI,1071,SLM,SLF
557,1914,NL,BRO,LAD,22,BRO,BRO
558,1914,NL,BSN,ATL,16,BSN,BSN
559,1914,NL,CHN,CHC,17,CHC,CHN
560,1914,NL,CIN,CIN,18,CIN,CIN
561,1914,NL,NY1,SFG,30,NYG,NY1
562,1914,NL,PHI,PHI,26,PHI,PHI
563,1914,NL,PIT,PIT,27,PIT,PIT
564,1914,NL,SLN,STL,28,STL,SLN
565,1915,AL,BOS,BOS,3,BOS,BOS
566,1915,AL,CHA,CHW,4,CHW,CHA
567,1915,AL,CLE,CLE,5,CLE,CLE
568,1915,AL,DET,DET,6,DET,DET
569,1915,AL,NYA,NYY,9,NYY,NYA
570,1915,AL,PHA,OAK,10,PHA,PHA
571,1915,AL,SLA,BAL,2,SLB,SLA
572,1915,AL,WS1,MIN,8,WSH,WS1
573,1915,FL,BLF,BLT,1007,BAL,BLF
574,1915,FL,BRF,BTT,1014,BTT,BRF
575,1915,FL,BUF,BFL,1004,BUF,BUF
576,1915,FL,CHF,CHH,1021,CHI,CHF
577,1915,FL,KCF,KCP,1040,KCP,KCF
578,1915,FL,NEW,NEW,1051,NEW,NEW
579,1915,FL,PTF,PBS,1059,PBS,PTF
580,1915,FL,SLF,SLI,1071,SLM,SLF
581,1915,NL,BRO,LAD,22,BRO,BRO
582,1915,NL,BSN,ATL,16,BSN,BSN
583,1915,NL,CHN,CHC,17,CHC,CHN
584,1915,NL,CIN,CIN,18,CIN,CIN
585,1915,NL,NY1,SFG,30,NYG,NY1
586,1915,NL,PHI,PHI,26,PHI,PHI
587,1915,NL,PIT,PIT,27,PIT,PIT
588,1915,NL,SLN,STL,28,STL,SLN
589,1916,AL,BOS,BOS,3,BOS,BOS
590,1916,AL,CHA,CHW,4,CHW,CHA
591,1916,AL,CLE,CLE,5,CLE,CLE
592,1916,AL,DET,DET,6,DET,DET
593,1916,AL,NYA,NYY,9,NYY,NYA
594,1916,AL,PHA,OAK,10,PHA,PHA
595,1916,AL,SLA,BAL,2,SLB,SLA
596,1916,AL,WS1,MIN,8,WSH,WS1
597,1916,NL,BRO,LAD,22,BRO,BRO
598,1916,NL,BSN,ATL,16,BSN,BSN
599,1916,NL,CHN,CHC,17,CHC,CHN
600,1916,NL,CIN,CIN,18,CIN,CIN
601,1916,NL,NY1,SFG,30,NYG,NY1
602,1916,NL,PHI,PHI,26,PHI,PHI
603,1916,NL,PIT,PIT,27,PIT,PIT
604,1916,NL,SLN,STL,28,STL,SLN
605,1917,AL,BOS,BOS,3,BOS,BOS
606,1917,AL,CHA,CHW,4,CHW,CHA
607,1917,AL,CLE,CLE,5,CLE,CLE
608,1917,AL,DET,DET,6,DET,DET
609,1917,AL,NYA,NYY,9,NYY,NYA
610,1917,AL,PHA,OAK,10,PHA,PHA
611,1917,AL,SLA,BAL,2,SLB,SLA
612,1917,AL,WS1,MIN,8,WSH,WS1
613,1917,NL,BRO,LAD,22,BRO,BRO
614,1917,NL,BSN,ATL,16,BSN,BSN
615,1917,NL,CHN,CHC,17,CHC,CHN
616,1917,NL,CIN,CIN,18,CIN,CIN
617,1917,NL,NY1,SFG,30,NYG,NY1
618,1917,NL,PHI,PHI,26,PHI,PHI
619,1917,NL,PIT,PIT,27,PIT,PIT
620,1917,NL,SLN,STL,28,STL,SLN
621,1918,AL,BOS,BOS,3,BOS,BOS
622,1918,AL,CHA,CHW,4,CHW,CHA
623,1918,AL,CLE,CLE,5,CLE,CLE
624,1918,AL,DET,DET,6,DET,DET
625,1918,AL,NYA,NYY,9,NYY,NYA
626,1918,AL,PHA,OAK,10,PHA,PHA
627,1918,AL,SLA,BAL,2,SLB,SLA
628,1918,AL,WS1,MIN,8,WSH,WS1
629,1918,NL,BRO,LAD,22,BRO,BRO
630,1918,NL,BSN,ATL,16,BSN,BSN
631,1918,NL,CHN,CHC,17,CHC,CHN
632,1918,NL,CIN,CIN,18,CIN,CIN
633,1918,NL,NY1,SFG,30,NYG,NY1
634,1918,NL,PHI,PHI,26,PHI,PHI
635,1918,NL,PIT,PIT,27,PIT,PIT
636,1918,NL,SLN,STL,28,STL,SLN
637,1919,AL,BOS,BOS,3,BOS,BOS
638,1919,AL,CHA,CHW,4,CHW,CHA
639,1919,AL,CLE,CLE,5,CLE,CLE
640,1919,AL,DET,DET,6,DET,DET
641,1919,AL,NYA,NYY,9,NYY,NYA
642,1919,AL,PHA,OAK,10,PHA,PHA
643,1919,AL,SLA,BAL,2,SLB,SLA
644,1919,AL,WS1,MIN,8,WSH,WS1
645,1919,NL,BRO,LAD,22,BRO,BRO
646,1919,NL,BSN,ATL,16,BSN,BSN
647,1919,NL,CHN,CHC,17,CHC,CHN
648,1919,NL,CIN,CIN,18,CIN,CIN
649,1919,NL,NY1,SFG,30,NYG,NY1
650,1919,NL,PHI,PHI,26,PHI,PHI
651,1919,NL,PIT,PIT,27,PIT,PIT
652,1919,NL,SLN,STL,28,STL,SLN
653,1920,AL,BOS,BOS,3,BOS,BOS
654,1920,AL,CHA,CHW,4,CHW,CHA
655,1920,AL,CLE,CLE,5,CLE,CLE
656,1920,AL,DET,DET,6,DET,DET
657,1920,AL,NYA,NYY,9,NYY,NYA
658,1920,AL,PHA,OAK,10,PHA,PHA
659,1920,AL,SLA,BAL,2,SLB,SLA
660,1920,AL,WS1,MIN,8,WSH,WS1
661,1920,NL,BRO,LAD,22,BRO,BRO
662,1920,NL,BSN,ATL,16,BSN,BSN
663,1920,NL,CHN,CHC,17,CHC,CHN
664,1920,NL,CIN,CIN,18,CIN,CIN
665,1920,NL,NY1,SFG,30,NYG,NY1
666,1920,NL,PHI,PHI,26,PHI,PHI
667,1920,NL,PIT,PIT,27,PIT,PIT
668,1920,NL,SLN,STL,28,STL,SLN
669,1921,AL,BOS,BOS,3,BOS,BOS
670,1921,AL,CHA,CHW,4,CHW,CHA
671,1921,AL,CLE,CLE,5,CLE,CLE
672,1921,AL,DET,DET,6,DET,DET
673,1921,AL,NYA,NYY,9,NYY,NYA
674,1921,AL,PHA,OAK,10,PHA,PHA
675,1921,AL,SLA,BAL,2,SLB,SLA
676,1921,AL,WS1,MIN,8,WSH,WS1
677,1921,NL,BRO,LAD,22,BRO,BRO
678,1921,NL,BSN,ATL,16,BSN,BSN
679,1921,NL,CHN,CHC,17,CHC,CHN
680,1921,NL,CIN,CIN,18,CIN,CIN
681,1921,NL,NY1,SFG,30,NYG,NY1
682,1921,NL,PHI,PHI,26,PHI,PHI
683,1921,NL,PIT,PIT,27,PIT,PIT
684,1921,NL,SLN,STL,28,STL,SLN
685,1922,AL,BOS,BOS,3,BOS,BOS
686,1922,AL,CHA,CHW,4,CHW,CHA
687,1922,AL,CLE,CLE,5,CLE,CLE
688,1922,AL,DET,DET,6,DET,DET
689,1922,AL,NYA,NYY,9,NYY,NYA
690,1922,AL,PHA,OAK,10,PHA,PHA
691,1922,AL,SLA,BAL,2,SLB,SLA
692,1922,AL,WS1,MIN,8,WSH,WS1
693,1922,NL,BRO,LAD,22,BRO,BRO
694,1922,NL,BSN,ATL,16,BSN,BSN
695,1922,NL,CHN,CHC,17,CHC,CHN
696,1922,NL,CIN,CIN,18,CIN,CIN
697,1922,NL,NY1,SFG,30,NYG,NY1
698,1922,NL,PHI,PHI,26,PHI,PHI
699,1922,NL,PIT,PIT,27,PIT,PIT
700,1922,NL,SLN,STL,28,STL,SLN
701,1923,AL,BOS,BOS,3,BOS,BOS
702,1923,AL,CHA,CHW,4,CHW,CHA
703,1923,AL,CLE,CLE,5,CLE,CLE
704,1923,AL,DET,DET,6,DET,DET
705,1923,AL,NYA,NYY,9,NYY,NYA
706,1923,AL,PHA,OAK,10,PHA,PHA
707,1923,AL,SLA,BAL,2,SLB,SLA
708,1923,AL,WS1,MIN,8,WSH,WS1
709,1923,NL,BRO,LAD,22,BRO,BRO
710,1923,NL,BSN,ATL,16,BSN,BSN
711,1923,NL,CHN,CHC,17,CHC,CHN
712,1923,NL,CIN,CIN,18,CIN,CIN
713,1923,NL,NY1,SFG,30,NYG,NY1
714,1923,NL,PHI,PHI,26,PHI,PHI
715,1923,NL,PIT,PIT,27,PIT,PIT
716,1923,NL,SLN,STL,28,STL,SLN
717,1924,AL,BOS,BOS,3,BOS,BOS
718,1924,AL,CHA,CHW,4,CHW,CHA
719,1924,AL,CLE,CLE,5,CLE,CLE
720,1924,AL,DET,DET,6,DET,DET
721,1924,AL,NYA,NYY,9,NYY,NYA
722,1924,AL,PHA,OAK,10,PHA,PHA
723,1924,AL,SLA,BAL,2,SLB,SLA
724,1924,AL,WS1,MIN,8,WSH,WS1
725,1924,NL,BRO,LAD,22,BRO,BRO
726,1924,NL,BSN,ATL,16,BSN,BSN
727,1924,NL,CHN,CHC,17,CHC,CHN
728,1924,NL,CIN,CIN,18,CIN,CIN
729,1924,NL,NY1,SFG,30,NYG,NY1
730,1924,NL,PHI,PHI,26,PHI,PHI
731,1924,NL,PIT,PIT,27,PIT,PIT
732,1924,NL,SLN,STL,28,STL,SLN
733,1925,AL,BOS,BOS,3,BOS,BOS
734,1925,AL,CHA,CHW,4,CHW,CHA
735,1925,AL,CLE,CLE,5,CLE,CLE
736,1925,AL,DET,DET,6,DET,DET
737,1925,AL,NYA,NYY,9,NYY,NYA
738,1925,AL,PHA,OAK,10,PHA,PHA
739,1925,AL,SLA,BAL,2,SLB,SLA
740,1925,AL,WS1,MIN,8,WSH,WS1
741,1925,NL,BRO,LAD,22,BRO,BRO
742,1925,NL,BSN,ATL,16,BSN,BSN
743,1925,NL,CHN,CHC,17,CHC,CHN
744,1925,NL,CIN,CIN,18,CIN,CIN
745,1925,NL,NY1,SFG,30,NYG,NY1
746,1925,NL,PHI,PHI,26,PHI,PHI
747,1925,NL,PIT,PIT,27,PIT,PIT
748,1925,NL,SLN,STL,28,STL,SLN
749,1926,AL,BOS,BOS,3,BOS,BOS
750,1926,AL,CHA,CHW,4,CHW,CHA
751,1926,AL,CLE,CLE,5,CLE,CLE
752,1926,AL,DET,DET,6,DET,DET
753,1926,AL,NYA,NYY,9,NYY,NYA
754,1926,AL,PHA,OAK,10,PHA,PHA
755,1926,AL,SLA,BAL,2,SLB,SLA
756,1926,AL,WS1,MIN,8,WSH,WS1
757,1926,NL,BRO,LAD,22,BRO,BRO
758,1926,NL,BSN,ATL,16,BSN,BSN
759,1926,NL,CHN,CHC,17,CHC,CHN
760,1926,NL,CIN,CIN,18,CIN,CIN
761,1926,NL,NY1,SFG,30,NYG,NY1
762,1926,NL,PHI,PHI,26,PHI,PHI
763,1926,NL,PIT,PIT,27,PIT,PIT
764,1926,NL,SLN,STL,28,STL,SLN
765,1927,AL,BOS,BOS,3,BOS,BOS
766,1927,AL,CHA,CHW,4,CHW,CHA
767,1927,AL,CLE,CLE,5,CLE,CLE
768,1927,AL,DET,DET,6,DET,DET
769,1927,AL,NYA,NYY,9,NYY,NYA
770,1927,AL,PHA,OAK,10,PHA,PHA
771,1927,AL,SLA,BAL,2,SLB,SLA
772,1927,AL,WS1,MIN,8,WSH,WS1
773,1927,NL,BRO,LAD,22,BRO,BRO
774,1927,NL,BSN,ATL,16,BSN,BSN
775,1927,NL,CHN,CHC,17,CHC,CHN
776,1927,NL,CIN,CIN,18,CIN,CIN
777,1927,NL,NY1,SFG,30,NYG,NY1
778,1927,NL,PHI,PHI,26,PHI,PHI
779,1927,NL,PIT,PIT,27,PIT,PIT
780,1927,NL,SLN,STL,28,STL,SLN
781,1928,AL,BOS,BOS,3,BOS,BOS
782,1928,AL,CHA,CHW,4,CHW,CHA
783,1928,AL,CLE,CLE,5,CLE,CLE
784,1928,AL,DET,DET,6,DET,DET
785,1928,AL,NYA,NYY,9,NYY,NYA
786,1928,AL,PHA,OAK,10,PHA,PHA
787,1928,AL,SLA,BAL,2,SLB,SLA
788,1928,AL,WS1,MIN,8,WSH,WS1
789,1928,NL,BRO,LAD,22,BRO,BRO
790,1928,NL,BSN,ATL,16,BSN,BSN
791,1928,NL,CHN,CHC,17,CHC,CHN
792,1928,NL,CIN,CIN,18,CIN,CIN
793,1928,NL,NY1,SFG,30,NYG,NY1
794,1928,NL,PHI,PHI,26,PHI,PHI
795,1928,NL,PIT,PIT,27,PIT,PIT
796,1928,NL,SLN,STL,28,STL,SLN
797,1929,AL,BOS,BOS,3,BOS,BOS
798,1929,AL,CHA,CHW,4,CHW,CHA
799,1929,AL,CLE,CLE,5,CLE,CLE
800,1929,AL,DET,DET,6,DET,DET
801,1929,AL,NYA,NYY,9,NYY,NYA
802,1929,AL,PHA,OAK,10,PHA,PHA
803,1929,AL,SLA,BAL,2,SLB,SLA
804,1929,AL,WS1,MIN,8,WSH,WS1
805,1929,NL,BRO,LAD,22,BRO,BRO
806,1929,NL,BSN,ATL,16,BSN,BSN
807,1929,NL,CHN,CHC,17,CHC,CHN
808,1929,NL,CIN,CIN,18,CIN,CIN
809,1929,NL,NY1,SFG,30,NYG,NY1
810,1929,NL,PHI,PHI,26,PHI,PHI
811,1929,NL,PIT,PIT,27,PIT,PIT
812,1929,NL,SLN,STL,28,STL,SLN
813,1930,AL,BOS,BOS,3,BOS,BOS
814,1930,AL,CHA,CHW,4,CHW,CHA
815,1930,AL,CLE,CLE,5,CLE,CLE
816,1930,AL,DET,DET,6,DET,DET
817,1930,AL,NYA,NYY,9,NYY,NYA
818,1930,AL,PHA,OAK,10,PHA,PHA
819,1930,AL,SLA,BAL,2,SLB,SLA
820,1930,AL,WS1,MIN,8,WSH,WS1
821,1930,NL,BRO,LAD,22,BRO,BRO
822,1930,NL,BSN,ATL,16,BSN,BSN
823,1930,NL,CHN,CHC,17,CHC,CHN
824,1930,NL,CIN,CIN,18,CIN,CIN
825,1930,NL,NY1,SFG,30,NYG,NY1
826,1930,NL,PHI,PHI,26,PHI,PHI
827,1930,NL,PIT,PIT,27,PIT,PIT
828,1930,NL,SLN,STL,28,STL,SLN
829,1931,AL,BOS,BOS,3,BOS,BOS
830,1931,AL,CHA,CHW,4,CHW,CHA
831,1931,AL,CLE,CLE,5,CLE,CLE
832,1931,AL,DET,DET,6,DET,DET
833,1931,AL,NYA,NYY,9,NYY,NYA
834,1931,AL,PHA,OAK,10,PHA,PHA
835,1931,AL,SLA,BAL,2,SLB,SLA
836,1931,AL,WS1,MIN,8,WSH,WS1
837,1931,NL,BRO,LAD,22,BRO,BRO
838,1931,NL,BSN,ATL,16,BSN,BSN
839,1931,NL,CHN,CHC,17,CHC,CHN
840,1931,NL,CIN,CIN,18,CIN,CIN
841,1931,NL,NY1,SFG,30,NYG,NY1
842,1931,NL,PHI,PHI,26,PHI,PHI
843,1931,NL,PIT,PIT,27,PIT,PIT
844,1931,NL,SLN,STL,28,STL,SLN
845,1932,AL,BOS,BOS,3,BOS,BOS
846,1932,AL,CHA,CHW,4,CHW,CHA
847,1932,AL,CLE,CLE,5,CLE,CLE
848,1932,AL,DET,DET,6,DET,DET
849,1932,AL,NYA,NYY,9,NYY,NYA
850,1932,AL,PHA,OAK,10,PHA,PHA
851,1932,AL,SLA,BAL,2,SLB,SLA
852,1932,AL,WS1,MIN,8,WSH,WS1
853,1932,NL,BRO,LAD,22,BRO,BRO
854,1932,NL,BSN,ATL,16,BSN,BSN
855,1932,NL,CHN,CHC,17,CHC,CHN
856,1932,NL,CIN,CIN,18,CIN,CIN
857,1932,NL,NY1,SFG,30,NYG,NY1
858,1932,NL,PHI,PHI,26,PHI,PHI
859,1932,NL,PIT,PIT,27,PIT,PIT
860,1932,NL,SLN,STL,28,STL,SLN
861,1933,AL,BOS,BOS,3,BOS,BOS
862,1933,AL,CHA,CHW,4,CHW,CHA
863,1933,AL,CLE,CLE,5,CLE,CLE
864,1933,AL,DET,DET,6,DET,DET
865,1933,AL,NYA,NYY,9,NYY,NYA
866,1933,AL,PHA,OAK,10,PHA,PHA
867,1933,AL,SLA,BAL,2,SLB,SLA
868,1933,AL,WS1,MIN,8,WSH,WS1
869,1933,NL,BRO,LAD,22,BRO,BRO
870,1933,NL,BSN,ATL,16,BSN,BSN
871,1933,NL,CHN,CHC,17,CHC,CHN
872,1933,NL,CIN,CIN,18,CIN,CIN
873,1933,NL,NY1,SFG,30,NYG,NY1
874,1933,NL,PHI,PHI,26,PHI,PHI
875,1933,NL,PIT,PIT,27,PIT,PIT
876,1933,NL,SLN,STL,28,STL,SLN
877,1934,AL,BOS,BOS,3,BOS,BOS
878,1934,AL,CHA,CHW,4,CHW,CHA
879,1934,AL,CLE,CLE,5,CLE,CLE
880,1934,AL,DET,DET,6,DET,DET
881,1934,AL,NYA,NYY,9,NYY,NYA
882,1934,AL,PHA,OAK,10,PHA,PHA
883,1934,AL,SLA,BAL,2,SLB,SLA
884,1934,AL,WS1,MIN,8,WSH,WS1
885,1934,NL,BRO,LAD,22,BRO,BRO
886,1934,NL,BSN,ATL,16,BSN,BSN
887,1934,NL,CHN,CHC,17,CHC,CHN
888,1934,NL,CIN,CIN,18,CIN,CIN
889,1934,NL,NY1,SFG,30,NYG,NY1
890,1934,NL,PHI,PHI,26,PHI,PHI
891,1934,NL,PIT,PIT,27,PIT,PIT
892,1934,NL,SLN,STL,28,STL,SLN
893,1935,AL,BOS,BOS,3,BOS,BOS
894,1935,AL,CHA,CHW,4,CHW,CHA
895,1935,AL,CLE,CLE,5,CLE,CLE
896,1935,AL,DET,DET,6,DET,DET
897,1935,AL,NYA,NYY,9,NYY,NYA
898,1935,AL,PHA,OAK,10,PHA,PHA
899,1935,AL,SLA,BAL,2,SLB,SLA
900,1935,AL,WS1,MIN,8,WSH,WS1
901,1935,NL,BRO,LAD,22,BRO,BRO
902,1935,NL,BSN,ATL,16,BSN,BSN
903,1935,NL,CHN,CHC,17,CHC,CHN
904,1935,NL,CIN,CIN,18,CIN,CIN
905,1935,NL,NY1,SFG,30,NYG,NY1
906,1935,NL,PHI,PHI,26,PHI,PHI
907,1935,NL,PIT,PIT,27,PIT,PIT
908,1935,NL,SLN,STL,28,STL,SLN
909,1936,AL,BOS,BOS,3,BOS,BOS
910,1936,AL,CHA,CHW,4,CHW,CHA
911,1936,AL,CLE,CLE,5,CLE,CLE
912,1936,AL,DET,DET,6,DET,DET
913,1936,AL,NYA,NYY,9,NYY,NYA
914,1936,AL,PHA,OAK,10,PHA,PHA
915,1936,AL,SLA,BAL,2,SLB,SLA
916,1936,AL,WS1,MIN,8,WSH,WS1
917,1936,NL,BRO,LAD,22,BRO,BRO
918,1936,NL,BSN,ATL,16,BSN,BSN
919,1936,NL,CHN,CHC,17,CHC,CHN
920,1936,NL,CIN,CIN,18,CIN,CIN
921,1936,NL,NY1,SFG,30,NYG,NY1
922,1936,NL,PHI,PHI,26,PHI,PHI
923,1936,NL,PIT,PIT,27,PIT,PIT
924,1936,NL,SLN,STL,28,STL,SLN
925,1937,AL,BOS,BOS,3,BOS,BOS
926,1937,AL,CHA,CHW,4,CHW,CHA
927,1937,AL,CLE,CLE,5,CLE,CLE
928,1937,AL,DET,DET,6,DET,DET
929,1937,AL,NYA,NYY,9,NYY,NYA
930,1937,AL,PHA,OAK,10,PHA,PHA
931,1937,AL,SLA,BAL,2,SLB,SLA
932,1937,AL,WS1,MIN,8,WSH,WS1
933,1937,NL,BRO,LAD,22,BRO,BRO
934,1937,NL,BSN,ATL,16,BSN,BSN
935,1937,NL,CHN,CHC,17,CHC,CHN
936,1937,NL,CIN,CIN,18,CIN,CIN
937,1937,NL,NY1,SFG,30,NYG,NY1
938,1937,NL,PHI,PHI,26,PHI,PHI
939,1937,NL,PIT,PIT,27,PIT,PIT
940,1937,NL,SLN,STL,28,STL,SLN
941,1938,AL,BOS,BOS,3,BOS,BOS
942,1938,AL,CHA,CHW,4,CHW,CHA
943,1938,AL,CLE,CLE,5,CLE,CLE
944,1938,AL,DET,DET,6,DET,DET
945,1938,AL,NYA,NYY,9,NYY,NYA
946,1938,AL,PHA,OAK,10,PHA,PHA
947,1938,AL,SLA,BAL,2,SLB,SLA
948,1938,AL,WS1,MIN,8,WSH,WS1
949,1938,NL,BRO,LAD,22,BRO,BRO
950,1938,NL,BSN,ATL,16,BSN,BSN
951,1938,NL,CHN,CHC,17,CHC,CHN
952,1938,NL,CIN,CIN,18,CIN,CIN
953,1938,NL,NY1,SFG,30,NYG,NY1
954,1938,NL,PHI,PHI,26,PHI,PHI
955,1938,NL,PIT,PIT,27,PIT,PIT
956,1938,NL,SLN,STL,28,STL,SLN
957,1939,AL,BOS,BOS,3,BOS,BOS
958,1939,AL,CHA,CHW,4,CHW,CHA
959,1939,AL,CLE,CLE,5,CLE,CLE
960,1939,AL,DET,DET,6,DET,DET
961,1939,AL,NYA,NYY,9,NYY,NYA
962,1939,AL,PHA,OAK,10,PHA,PHA
963,1939,AL,SLA,BAL,2,SLB,SLA
964,1939,AL,WS1,MIN,8,WSH,WS1
965,1939,NL,BRO,LAD,22,BRO,BRO
966,1939,NL,BSN,ATL,16,BSN,BSN
967,1939,NL,CHN,CHC,17,CHC,CHN
968,1939,NL,CIN,CIN,18,CIN,CIN
969,1939,NL,NY1,SFG,30,NYG,NY1
970,1939,NL,PHI,PHI,26,PHI,PHI
971,1939,NL,PIT,PIT,27,PIT,PIT
972,1939,NL,SLN,STL,28,STL,SLN
973,1940,AL,BOS,BOS,3,BOS,BOS
974,1940,AL,CHA,CHW,4,CHW,CHA
975,1940,AL,CLE,CLE,5,CLE,CLE
976,1940,AL,DET,DET,6,DET,DET
977,1940,AL,NYA,NYY,9,NYY,NYA
978,1940,AL,PHA,OAK,10,PHA,PHA
979,1940,AL,SLA,BAL,2,SLB,SLA
980,1940,AL,WS1,MIN,8,WSH,WS1
981,1940,NL,BRO,LAD,22,BRO,BRO
982,1940,NL,BSN,ATL,16,BSN,BSN
983,1940,NL,CHN,CHC,17,CHC,CHN
984,1940,NL,CIN,CIN,18,CIN,CIN
985,1940,NL,NY1,SFG,30,NYG,NY1
986,1940,NL,PHI,PHI,26,PHI,PHI
987,1940,NL,PIT,PIT,27,PIT,PIT
988,1940,NL,SLN,STL,28,STL,SLN
989,1941,AL,BOS,BOS,3,BOS,BOS
990,1941,AL,CHA,CHW,4,CHW,CHA
991,1941,AL,CLE,CLE,5,CLE,CLE
992,1941,AL,DET,DET,6,DET,DET
993,1941,AL,NYA,NYY,9,NYY,NYA
994,1941,AL,PHA,OAK,10,PHA,PHA
995,1941,AL,SLA,BAL,2,SLB,SLA
996,1941,AL,WS1,MIN,8,WSH,WS1
997,1941,NL,BRO,LAD,22,BRO,BRO
998,1941,NL,BSN,ATL,16,BSN,BSN
999,1941,NL,CHN,CHC,17,CHC,CHN
1000,1941,NL,CIN,CIN,18,CIN,CIN
1001,1941,NL,NY1,SFG,30,NYG,NY1
1002,1941,NL,PHI,PHI,26,PHI,PHI
1003,1941,NL,PIT,PIT,27,PIT,PIT
1004,1941,NL,SLN,STL,28,STL,SLN
1005,1942,AL,BOS,BOS,3,BOS,BOS
1006,1942,AL,CHA,CHW,4,CHW,CHA
1007,1942,AL,CLE,CLE,5,CLE,CLE
1008,1942,AL,DET,DET,6,DET,DET
1009,1942,AL,NYA,NYY,9,NYY,NYA
1010,1942,AL,PHA,OAK,10,PHA,PHA
1011,1942,AL,SLA,BAL,2,SLB,SLA
1012,1942,AL,WS1,MIN,8,WSH,WS1
1013,1942,NL,BRO,LAD,22,BRO,BRO
1014,1942,NL,BSN,ATL,16,BSN,BSN
1015,1942,NL,CHN,CHC,17,CHC,CHN
1016,1942,NL,CIN,CIN,18,CIN,CIN
1017,1942,NL,NY1,SFG,30,NYG,NY1
1018,1942,NL,PHI,PHI,26,PHI,PHI
1019,1942,NL,PIT,PIT,27,PIT,PIT
1020,1942,NL,SLN,STL,28,STL,SLN
1021,1943,AL,BOS,BOS,3,BOS,BOS
1022,1943,AL,CHA,CHW,4,CHW,CHA
1023,1943,AL,CLE,CLE,5,CLE,CLE
1024,1943,AL,DET,DET,6,DET,DET
1025,1943,AL,NYA,NYY,9,NYY,NYA
1026,1943,AL,PHA,OAK,10,PHA,PHA
1027,1943,AL,SLA,BAL,2,SLB,SLA
1028,1943,AL,WS1,MIN,8,WSH,WS1
1029,1943,NL,BRO,LAD,22,BRO,BRO
1030,1943,NL,BSN,ATL,16,BSN,BSN
1031,1943,NL,CHN,CHC,17,CHC,CHN
1032,1943,NL,CIN,CIN,18,CIN,CIN
1033,1943,NL,NY1,SFG,30,NYG,NY1
1034,1943,NL,PHI,PHI,26,PHI,PHI
1035,1943,NL,PIT,PIT,27,PIT,PIT
1036,1943,NL,SLN,STL,28,STL,SLN
1037,1944,AL,BOS,BOS,3,BOS,BOS
1038,1944,AL,CHA,CHW,4,CHW,CHA
1039,1944,AL,CLE,CLE,5,CLE,CLE
1040,1944,AL,DET,DET,6,DET,DET
1041,1944,AL,NYA,NYY,9,NYY,NYA
1042,1944,AL,PHA,OAK,10,PHA,PHA
1043,1944,AL,SLA,BAL,2,SLB,SLA
1044,1944,AL,WS1,MIN,8,WSH,WS1
1045,1944,NL,BRO,LAD,22,BRO,BRO
1046,1944,NL,BSN,ATL,16,BSN,BSN
1047,1944,NL,CHN,CHC,17,CHC,CHN
1048,1944,NL,CIN,CIN,18,CIN,CIN
1049,1944,NL,NY1,SFG,30,NYG,NY1
1050,1944,NL,PHI,PHI,26,PHI,PHI
1051,1944,NL,PIT,PIT,27,PIT,PIT
1052,1944,NL,SLN,STL,28,STL,SLN
1053,1945,AL,BOS,BOS,3,BOS,BOS
1054,1945,AL,CHA,CHW,4,CHW,CHA
1055,1945,AL,CLE,CLE,5,CLE,CLE
1056,1945,AL,DET,DET,6,DET,DET
1057,1945,AL,NYA,NYY,9,NYY,NYA
1058,1945,AL,PHA,OAK,10,PHA,PHA
1059,1945,AL,SLA,BAL,2,SLB,SLA
1060,1945,AL,WS1,MIN,8,WSH,WS1
1061,1945,NL,BRO,LAD,22,BRO,BRO
1062,1945,NL,BSN,ATL,16,BSN,BSN
1063,1945,NL,CHN,CHC,17,CHC,CHN
1064,1945,NL,CIN,CIN,18,CIN,CIN
1065,1945,NL,NY1,SFG,30,NYG,NY1
1066,1945,NL,PHI,PHI,26,PHI,PHI
1067,1945,NL,PIT,PIT,27,PIT,PIT
1068,1945,NL,SLN,STL,28,STL,SLN
1069,1946,AL,BOS,BOS,3,BOS,BOS
1070,1946,AL,CHA,CHW,4,CHW,CHA
1071,1946,AL,CLE,CLE,5,CLE,CLE
1072,1946,AL,DET,DET,6,DET,DET
1073,1946,AL,NYA,NYY,9,NYY,NYA
1074,1946,AL,PHA,OAK,10,PHA,PHA
1075,1946,AL,SLA,BAL,2,SLB,SLA
1076,1946,AL,WS1,MIN,8,WSH,WS1
1077,1946,NL,BRO,LAD,22,BRO,BRO
1078,1946,NL,BSN,ATL,16,BSN,BSN
1079,1946,NL,CHN,CHC,17,CHC,CHN
1080,1946,NL,CIN,CIN,18,CIN,CIN
1081,1946,NL,NY1,SFG,30,NYG,NY1
1082,1946,NL,PHI,PHI,26,PHI,PHI
1083,1946,NL,PIT,PIT,27,PIT,PIT
1084,1946,NL,SLN,STL,28,STL,SLN
1085,1947,AL,BOS,BOS,3,BOS,BOS
1086,1947,AL,CHA,CHW,4,CHW,CHA
1087,1947,AL,CLE,CLE,5,CLE,CLE
1088,1947,AL,DET,DET,6,DET,DET
1089,1947,AL,NYA,NYY,9,NYY,NYA
1090,1947,AL,PHA,OAK,10,PHA,PHA
1091,1947,AL,SLA,BAL,2,SLB,SLA
1092,1947,AL,WS1,MIN,8,WSH,WS1
1093,1947,NL,BRO,LAD,22,BRO,BRO
1094,1947,NL,BSN,ATL,16,BSN,BSN
1095,1947,NL,CHN,CHC,17,CHC,CHN
1096,1947,NL,CIN,CIN,18,CIN,CIN
1097,1947,NL,NY1,SFG,30,NYG,NY1
1098,1947,NL,PHI,PHI,26,PHI,PHI
1099,1947,NL,PIT,PIT,27,PIT,PIT
1100,1947,NL,SLN,STL,28,STL,SLN
1101,1948,AL,BOS,BOS,3,BOS,BOS
1102,1948,AL,CHA,CHW,4,CHW,CHA
1103,1948,AL,CLE,CLE,5,CLE,CLE
1104,1948,AL,DET,DET,6,DET,DET
1105,1948,AL,NYA,NYY,9,NYY,NYA
1106,1948,AL,PHA,OAK,10,PHA,PHA
1107,1948,AL,SLA,BAL,2,SLB,SLA
1108,1948,AL,WS1,MIN,8,WSH,WS1
1109,1948,NL,BRO,LAD,22,BRO,BRO
1110,1948,NL,BSN,ATL,16,BSN,BSN
1111,1948,NL,CHN,CHC,17,CHC,CHN
1112,1948,NL,CIN,CIN,18,CIN,CIN
1113,1948,NL,NY1,SFG,30,NYG,NY1
1114,1948,NL,PHI,PHI,26,PHI,PHI
1115,1948,NL,PIT,PIT,27,PIT,PIT
1116,1948,NL,SLN,STL,28,STL,SLN
1117,1949,AL,BOS,BOS,3,BOS,BOS
1118,1949,AL,CHA,CHW,4,CHW,CHA
1119,1949,AL,CLE,CLE,5,CLE,CLE
1120,1949,AL,DET,DET,6,DET,DET
1121,1949,AL,NYA,NYY,9,NYY,NYA
1122,1949,AL,PHA,OAK,10,PHA,PHA
1123,1949,AL,SLA,BAL,2,SLB,SLA
1124,1949,AL,WS1,MIN,8,WSH,WS1
1125,1949,NL,BRO,LAD,22,BRO,BRO
1126,1949,NL,BSN,ATL,16,BSN,BSN
1127,1949,NL,CHN,CHC,17,CHC,CHN
1128,1949,NL,CIN,CIN,18,CIN,CIN
1129,1949,NL,NY1,SFG,30,NYG,NY1
1130,1949,NL,PHI,PHI,26,PHI,PHI
1131,1949,NL,PIT,PIT,27,PIT,PIT
1132,1949,NL,SLN,STL,28,STL,SLN
1133,1950,AL,BOS,BOS,3,BOS,BOS
1134,1950,AL,CHA,CHW,4,CHW,CHA
1135,1950,AL,CLE,CLE,5,CLE,CLE
1136,1950,AL,DET,DET,6,DET,DET
1137,1950,AL,NYA,NYY,9,NYY,NYA
1138,1950,AL,PHA,OAK,10,PHA,PHA
1139,1950,AL,SLA,BAL,2,SLB,SLA
1140,1950,AL,WS1,MIN,8,WSH,WS1
1141,1950,NL,BRO,LAD,22,BRO,BRO
1142,1950,NL,BSN,ATL,16,BSN,BSN
1143,1950,NL,CHN,CHC,17,CHC,CHN
1144,1950,NL,CIN,CIN,18,CIN,CIN
1145,1950,NL,NY1,SFG,30,NYG,NY1
1146,1950,NL,PHI,PHI,26,PHI,PHI
1147,1950,NL,PIT,PIT,27,PIT,PIT
1148,1950,NL,SLN,STL,28,STL,SLN
1149,1951,AL,BOS,BOS,3,BOS,BOS
1150,1951,AL,CHA,CHW,4,CHW,CHA
1151,1951,AL,CLE,CLE,5,CLE,CLE
1152,1951,AL,DET,DET,6,DET,DET
1153,1951,AL,NYA,NYY,9,NYY,NYA
1154,1951,AL,PHA,OAK,10,PHA,PHA
1155,1951,AL,SLA,BAL,2,SLB,SLA
1156,1951,AL,WS1,MIN,8,WSH,WS1
1157,1951,NL,BRO,LAD,22,BRO,BRO
1158,1951,NL,BSN,ATL,16,BSN,BSN
1159,1951,NL,CHN,CHC,17,CHC,CHN
1160,1951,NL,CIN,CIN,18,CIN,CIN
1161,1951,NL,NY1,SFG,30,NYG,NY1
1162,1951,NL,PHI,PHI,26,PHI,PHI
1163,1951,NL,PIT,PIT,27,PIT,PIT
1164,1951,NL,SLN,STL,28,STL,SLN
1165,1952,AL,BOS,BOS,3,BOS,BOS
1166,1952,AL,CHA,CHW,4,CHW,CHA
1167,1952,AL,CLE,CLE,5,CLE,CLE
1168,1952,AL,DET,DET,6,DET,DET
1169,1952,AL,NYA,NYY,9,NYY,NYA
1170,1952,AL,PHA,OAK,10,PHA,PHA
1171,1952,AL,SLA,BAL,2,SLB,SLA
1172,1952,AL,WS1,MIN,8,WSH,WS1
1173,1952,NL,BRO,LAD,22,BRO,BRO
1174,1952,NL,BSN,ATL,16,BSN,BSN
1175,1952,NL,CHN,CHC,17,CHC,CHN
1176,1952,NL,CIN,CIN,18,CIN,CIN
1177,1952,NL,NY1,SFG,30,NYG,NY1
1178,1952,NL,PHI,PHI,26,PHI,PHI
1179,1952,NL,PIT,PIT,27,PIT,PIT
1180,1952,NL,SLN,STL,28,STL,SLN
1181,1953,AL,BOS,BOS,3,BOS,BOS
1182,1953,AL,CHA,CHW,4,CHW,CHA
1183,1953,AL,CLE,CLE,5,CLE,CLE
1184,1953,AL,DET,DET,6,DET,DET
1185,1953,AL,NYA,NYY,9,NYY,NYA
1186,1953,AL,PHA,OAK,10,PHA,PHA
1187,1953,AL,SLA,BAL,2,SLB,SLA
1188,1953,AL,WS1,MIN,8,WSH,WS1
1189,1953,NL,BRO,LAD,22,BRO,BRO
1190,1953,NL,CHN,CHC,17,CHC,CHN
1191,1953,NL,CIN,CIN,18,CIN,CIN
1192,1953,NL,ML1,ATL,16,MLN,MLN
1193,1953,NL,NY1,SFG,30,NYG,NY1
1194,1953,NL,PHI,PHI,26,PHI,PHI
1195,1953,NL,PIT,PIT,27,PIT,PIT
1196,1953,NL,SLN,STL,28,STL,SLN
1197,1954,AL,BAL,BAL,2,BAL,BAL
1198,1954,AL,BOS,BOS,3,BOS,BOS
1199,1954,AL,CHA,CHW,4,CHW,CHA
1200,1954,AL,CLE,CLE,5,CLE,CLE
1201,1954,AL,DET,DET,6,DET,DET
1202,1954,AL,NYA,NYY,9,NYY,NYA
1203,1954,AL,PHA,OAK,10,PHA,PHA
1204,1954,AL,WS1,MIN,8,WSH,WS1
1205,1954,NL,BRO,LAD,22,BRO,BRO
1206,1954,NL,CHN,CHC,17,CHC,CHN
1207,1954,NL,CIN,CIN,18,CIN,CIN
1208,1954,NL,ML1,ATL,16,MLN,MLN
1209,1954,NL,NY1,SFG,30,NYG,NY1
1210,1954,NL,PHI,PHI,26,PHI,PHI
1211,1954,NL,PIT,PIT,27,PIT,PIT
1212,1954,NL,SLN,STL,28,STL,SLN
1213,1955,AL,BAL,BAL,2,BAL,BAL
1214,1955,AL,BOS,BOS,3,BOS,BOS
1215,1955,AL,CHA,CHW,4,CHW,CHA
1216,1955,AL,CLE,CLE,5,CLE,CLE
1217,1955,AL,DET,DET,6,DET,DET
1218,1955,AL,KC1,OAK,10,KCA,KC1
1219,1955,AL,NYA,NYY,9,NYY,NYA
1220,1955,AL,WS1,MIN,8,WSH,WS1
1221,1955,NL,BRO,LAD,22,BRO,BRO
1222,1955,NL,CHN,CHC,17,CHC,CHN
1223,1955,NL,CIN,CIN,18,CIN,CIN
1224,1955,NL,ML1,ATL,16,MLN,MLN
1225,1955,NL,NY1,SFG,30,NYG,NY1
1226,1955,NL,PHI,PHI,26,PHI,PHI
1227,1955,NL,PIT,PIT,27,PIT,PIT
1228,1955,NL,SLN,STL,28,STL,SLN
1229,1956,AL,BAL,BAL,2,BAL,BAL
1230,1956,AL,BOS,BOS,3,BOS,BOS
1231,1956,AL,CHA,CHW,4,CHW,CHA
1232,1956,AL,CLE,CLE,5,CLE,CLE
1233,1956,AL,DET,DET,6,DET,DET
1234,1956,AL,KC1,OAK,10,KCA,KC1
1235,1956,AL,NYA,NYY,9,NYY,NYA
1236,1956,AL,WS1,MIN,8,WSH,WS1
1237,1956,NL,BRO,LAD,22,BRO,BRO
1238,1956,NL,CHN,CHC,17,CHC,CHN
1239,1956,NL,CIN,CIN,18,CIN,CIN
1240,1956,NL,ML1,ATL,16,MLN,MLN
1241,1956,NL,NY1,SFG,30,NYG,NY1
1242,1956,NL,PHI,PHI,26,PHI,PHI
1243,1956,NL,PIT,PIT,27,PIT,PIT
1244,1956,NL,SLN,STL,28,STL,SLN
1245,1957,AL,BAL,BAL,2,BAL,BAL
1246,1957,AL,BOS,BOS,3,BOS,BOS
1247,1957,AL,CHA,CHW,4,CHW,CHA
1248,1957,AL,CLE,CLE,5,CLE,CLE
1249,1957,AL,DET,DET,6,DET,DET
1250,1957,AL,KC1,OAK,10,KCA,KC1
1251,1957,AL,NYA,NYY,9,NYY,NYA
1252,1957,AL,WS1,MIN,8,WSH,WS1
1253,1957,NL,BRO,LAD,22,BRO,BRO
1254,1957,NL,CHN,CHC,17,CHC,CHN
1255,1957,NL,CIN,CIN,18,CIN,CIN
1256,1957,NL,ML1,ATL,16,MLN,MLN
1257,1957,NL,NY1,SFG,30,NYG,NY1
1258,1957,NL,PHI,PHI,26,PHI,PHI
1259,1957,NL,PIT,PIT,27,PIT,PIT
1260,1957,NL,SLN,STL,28,STL,SLN
1261,1958,AL,BAL,BAL,2,BAL,BAL
1262,1958,AL,BOS,BOS,3,BOS,BOS
1263,1958,AL,CHA,CHW,4,CHW,CHA
1264,1958,AL,CLE,CLE,5,CLE,CLE
1265,1958,AL,DET,DET,6,DET,DET
1266,1958,AL,KC1,OAK,10,KCA,KC1
1267,1958,AL,NYA,NYY,9,NYY,NYA
1268,1958,AL,WS1,MIN,8,WSH,WS1
1269,1958,NL,CHN,CHC,17,CHC,CHN
1270,1958,NL,CIN,CIN,18,CIN,CIN
1271,1958,NL,LAN,LAD,22,LAD,LAN
1272,1958,NL,ML1,ATL,16,MLN,MLN
1273,1958,NL,PHI,PHI,26,PHI,PHI
1274,1958,NL,PIT,PIT,27,PIT,PIT
1275,1958,NL,SFN,SFG,30,SFG,SFN
1276,1958,NL,SLN,STL,28,STL,SLN
1277,1959,AL,BAL,BAL,2,BAL,BAL
1278,1959,AL,BOS,BOS,3,BOS,BOS
1279,1959,AL,CHA,CHW,4,CHW,CHA
1280,1959,AL,CLE,CLE,5,CLE,CLE
1281,1959,AL,DET,DET,6,DET,DET
1282,1959,AL,KC1,OAK,10,KCA,KC1
1283,1959,AL,NYA,NYY,9,NYY,NYA
1284,1959,AL,WS1,MIN,8,WSH,WS1
1285,1959,NL,CHN,CHC,17,CHC,CHN
1286,1959,NL,CIN,CIN,18,CIN,CIN
1287,1959,NL,LAN,LAD,22,LAD,LAN
1288,1959,NL,ML1,ATL,16,MLN,MLN
1289,1959,NL,PHI,PHI,26,PHI,PHI
1290,1959,NL,PIT,PIT,27,PIT,PIT
1291,1959,NL,SFN,SFG,30,SFG,SFN
1292,1959,NL,SLN,STL,28,STL,SLN
1293,1960,AL,BAL,BAL,2,BAL,BAL
1294,1960,AL,BOS,BOS,3,BOS,BOS
1295,1960,AL,CHA,CHW,4,CHW,CHA
1296,1960,AL,CLE,CLE,5,CLE,CLE
1297,1960,AL,DET,DET,6,DET,DET
1298,1960,AL,KC1,OAK,10,KCA,KC1
1299,1960,AL,NYA,NYY,9,NYY,NYA
1300,1960,AL,WS1,MIN,8,WSH,WS1
1301,1960,NL,CHN,CHC,17,CHC,CHN
1302,1960,NL,CIN,CIN,18,CIN,CIN
1303,1960,NL,LAN,LAD,22,LAD,LAN
1304,1960,NL,ML1,ATL,16,MLN,MLN
1305,1960,NL,PHI,PHI,26,PHI,PHI
1306,1960,NL,PIT,PIT,27,PIT,PIT
1307,1960,NL,SFN,SFG,30,SFG,SFN
1308,1960,NL,SLN,STL,28,STL,SLN
1309,1961,AL,BAL,BAL,2,BAL,BAL
1310,1961,AL,BOS,BOS,3,BOS,BOS
1311,1961,AL,CHA,CHW,4,CHW,CHA
1312,1961,AL,CLE,CLE,5,CLE,CLE
1313,1961,AL,DET,DET,6,DET,DET
1314,1961,AL,KC1,OAK,10,KCA,KC1
1315,1961,AL,LAA,ANA,1,LAA,LAA
1316,1961,AL,MIN,MIN,8,MIN,MIN
1317,1961,AL,NYA,NYY,9,NYY,NYA
1318,1961,AL,WS2,TEX,13,WSA,WS2
1319,1961,NL,CHN,CHC,17,CHC,CHN
1320,1961,NL,CIN,CIN,18,CIN,CIN
1321,1961,NL,LAN,LAD,22,LAD,LAN
1322,1961,NL,ML1,ATL,16,MLN,MLN
1323,1961,NL,PHI,PHI,26,PHI,PHI
1324,1961,NL,PIT,PIT,27,PIT,PIT
1325,1961,NL,SFN,SFG,30,SFG,SFN
1326,1961,NL,SLN,STL,28,STL,SLN
1327,1962,AL,BAL,BAL,2,BAL,BAL
1328,1962,AL,BOS,BOS,3,BOS,BOS
1329,1962,AL,CHA,CHW,4,CHW,CHA
1330,1962,AL,CLE,CLE,5,CLE,CLE
1331,1962,AL,DET,DET,6,DET,DET
1332,1962,AL,KC1,OAK,10,KCA,KC1
1333,1962,AL,LAA,ANA,1,LAA,LAA
1334,1962,AL,MIN,MIN,8,MIN,MIN
1335,1962,AL,NYA,NYY,9,NYY,NYA
1336,1962,AL,WS2,TEX,13,WSA,WS2
1337,1962,NL,CHN,CHC,17,CHC,CHN
1338,1962,NL,CIN,CIN,18,CIN,CIN
1339,1962,NL,HOU,HOU,21,HOU,HOU
1340,1962,NL,LAN,LAD,22,LAD,LAN
1341,1962,NL,ML1,ATL,16,MLN,MLN
1342,1962,NL,NYN,NYM,25,NYM,NYN
1343,1962,NL,PHI,PHI,26,PHI,PHI
1344,1962,NL,PIT,PIT,27,PIT,PIT
1345,1962,NL,SFN,SFG,30,SFG,SFN
1346,1962,NL,SLN,STL,28,STL,SLN
1347,1963,AL,BAL,BAL,2,BAL,BAL
1348,1963,AL,BOS,BOS,3,BOS,BOS
1349,1963,AL,CHA,CHW,4,CHW,CHA
1350,1963,AL,CLE,CLE,5,CLE,CLE
1351,1963,AL,DET,DET,6,DET,DET
1352,1963,AL,KC1,OAK,10,KCA,KC1
1353,1963,AL,LAA,ANA,1,LAA,LAA
1354,1963,AL,MIN,MIN,8,MIN,MIN
1355,1963,AL,NYA,NYY,9,NYY,NYA
1356,1963,AL,WS2,TEX,13,WSA,WS2
1357,1963,NL,CHN,CHC,17,CHC,CHN
1358,1963,NL,CIN,CIN,18,CIN,CIN
1359,1963,NL,HOU,HOU,21,HOU,HOU
1360,1963,NL,LAN,LAD,22,LAD,LAN
1361,1963,NL,ML1,ATL,16,MLN,MLN
1362,1963,NL,NYN,NYM,25,NYM,NYN
1363,1963,NL,PHI,PHI,26,PHI,PHI
1364,1963,NL,PIT,PIT,27,PIT,PIT
1365,1963,NL,SFN,SFG,30,SFG,SFN
1366,1963,NL,SLN,STL,28,STL,SLN
1367,1964,AL,BAL,BAL,2,BAL,BAL
1368,1964,AL,BOS,BOS,3,BOS,BOS
1369,1964,AL,CHA,CHW,4,CHW,CHA
1370,1964,AL,CLE,CLE,5,CLE,CLE
1371,1964,AL,DET,DET,6,DET,DET
1372,1964,AL,KC1,OAK,10,KCA,KC1
1373,1964,AL,LAA,ANA,1,LAA,LAA
1374,1964,AL,MIN,MIN,8,MIN,MIN
1375,1964,AL,NYA,NYY,9,NYY,NYA
1376,1964,AL,WS2,TEX,13,WSA,WS2
1377,1964,NL,CHN,CHC,17,CHC,CHN
1378,1964,NL,CIN,CIN,18,CIN,CIN
1379,1964,NL,HOU,HOU,21,HOU,HOU
1380,1964,NL,LAN,LAD,22,LAD,LAN
1381,1964,NL,ML1,ATL,16,MLN,MLN
1382,1964,NL,NYN,NYM,25,NYM,NYN
1383,1964,NL,PHI,PHI,26,PHI,PHI
1384,1964,NL,PIT,PIT,27,PIT,PIT
1385,1964,NL,SFN,SFG,30,SFG,SFN
1386,1964,NL,SLN,STL,28,STL,SLN
1387,1965,AL,BAL,BAL,2,BAL,BAL
1388,1965,AL,BOS,BOS,3,BOS,BOS
1389,1965,AL,CAL,ANA,1,CAL,CAL
1390,1965,AL,CHA,CHW,4,CHW,CHA
1391,1965,AL,CLE,CLE,5,CLE,CLE
1392,1965,AL,DET,DET,6,DET,DET
1393,1965,AL,KC1,OAK,10,KCA,KC1
1394,1965,AL,MIN,MIN,8,MIN,MIN
1395,1965,AL,NYA,NYY,9,NYY,NYA
1396,1965,AL,WS2,TEX,13,WSA,WS2
1397,1965,NL,CHN,CHC,17,CHC,CHN
1398,1965,NL,CIN,CIN,18,CIN,CIN
1399,1965,NL,HOU,HOU,21,HOU,HOU
1400,1965,NL,LAN,LAD,22,LAD,LAN
1401,1965,NL,ML1,ATL,16,MLN,MLN
1402,1965,NL,NYN,NYM,25,NYM,NYN
1403,1965,NL,PHI,PHI,26,PHI,PHI
1404,1965,NL,PIT,PIT,27,PIT,PIT
1405,1965,NL,SFN,SFG,30,SFG,SFN
1406,1965,NL,SLN,STL,28,STL,SLN
1407,1966,AL,BAL,BAL,2,BAL,BAL
1408,1966,AL,BOS,BOS,3,BOS,BOS
1409,1966,AL,CAL,ANA,1,CAL,CAL
1410,1966,AL,CHA,CHW,4,CHW,CHA
1411,1966,AL,CLE,CLE,5,CLE,CLE
1412,1966,AL,DET,DET,6,DET,DET
1413,1966,AL,KC1,OAK,10,KCA,KC1
1414,1966,AL,MIN,MIN,8,MIN,MIN
1415,1966,AL,NYA,NYY,9,NYY,NYA
1416,1966,AL,WS2,TEX,13,WSA,WS2
1417,1966,NL,ATL,ATL,16,ATL,ATL
1418,1966,NL,CHN,CHC,17,CHC,CHN
1419,1966,NL,CIN,CIN,18,CIN,CIN
1420,1966,NL,HOU,HOU,21,HOU,HOU
1421,1966,NL,LAN,LAD,22,LAD,LAN
1422,1966,NL,NYN,NYM,25,NYM,NYN
1423,1966,NL,PHI,PHI,26,PHI,PHI
1424,1966,NL,PIT,PIT,27,PIT,PIT
1425,1966,NL,SFN,SFG,30,SFG,SFN
1426,1966,NL,SLN,STL,28,STL,SLN
1427,1967,AL,BAL,BAL,2,BAL,BAL
1428,1967,AL,BOS,BOS,3,BOS,BOS
1429,1967,AL,CAL,ANA,1,CAL,CAL
1430,1967,AL,CHA,CHW,4,CHW,CHA
1431,1967,AL,CLE,CLE,5,CLE,CLE
1432,1967,AL,DET,DET,6,DET,DET
1433,1967,AL,KC1,OAK,10,KCA,KC1
1434,1967,AL,MIN,MIN,8,MIN,MIN
1435,1967,AL,NYA,NYY,9,NYY,NYA
1436,1967,AL,WS2,TEX,13,WSA,WS2
1437,1967,NL,ATL,ATL,16,ATL,ATL
1438,1967,NL,CHN,CHC,17,CHC,CHN
1439,1967,NL,CIN,CIN,18,CIN,CIN
1440,1967,NL,HOU,HOU,21,HOU,HOU
1441,1967,NL,LAN,LAD,22,LAD,LAN
1442,1967,NL,NYN,NYM,25,NYM,NYN
1443,1967,NL,PHI,PHI,26,PHI,PHI
1444,1967,NL,PIT,PIT,27,PIT,PIT
1445,1967,NL,SFN,SFG,30,SFG,SFN
1446,1967,NL,SLN,STL,28,STL,SLN
1447,1968,AL,BAL,BAL,2,BAL,BAL
1448,1968,AL,BOS,BOS,3,BOS,BOS
1449,1968,AL,CAL,ANA,1,CAL,CAL
1450,1968,AL,CHA,CHW,4,CHW,CHA
1451,1968,AL,CLE,CLE,5,CLE,CLE
1452,1968,AL,DET,DET,6,DET,DET
1453,1968,AL,MIN,MIN,8,MIN,MIN
1454,1968,AL,NYA,NYY,9,NYY,NYA
1455,1968,AL,OAK,OAK,10,OAK,OAK
1456,1968,AL,WS2,TEX,13,WSA,WS2
1457,1968,NL,ATL,ATL,16,ATL,ATL
1458,1968,NL,CHN,CHC,17,CHC,CHN
1459,1968,NL,CIN,CIN,18,CIN,CIN
1460,1968,NL,HOU,HOU,21,HOU,HOU
1461,1968,NL,LAN,LAD,22,LAD,LAN
1462,1968,NL,NYN,NYM,25,NYM,NYN
1463,1968,NL,PHI,PHI,26,PHI,PHI
1464,1968,NL,PIT,PIT,27,PIT,PIT
1465,1968,NL,SFN,SFG,30,SFG,SFN
1466,1968,NL,SLN,STL,28,STL,SLN
1467,1969,AL,BAL,BAL,2,BAL,BAL
1468,1969,AL,BOS,BOS,3,BOS,BOS
1469,1969,AL,CAL,ANA,1,CAL,CAL
1470,1969,AL,CHA,CHW,4,CHW,CHA
1471,1969,AL,CLE,CLE,5,CLE,CLE
1472,1969,AL,DET,DET,6,DET,DET
1473,1969,AL,KCA,KCR,7,KCR,KCA
1474,1969,AL,MIN,MIN,8,MIN,MIN
1475,1969,AL,NYA,NYY,9,NYY,NYA
1476,1969,AL,OAK,OAK,10,OAK,OAK
1477,1969,AL,SE1,MIL,23,SEP,SE1
1478,1969,AL,WS2,TEX,13,WSA,WS2
1479,1969,NL,ATL,ATL,16,ATL,ATL
1480,1969,NL,CHN,CHC,17,CHC,CHN
1481,1969,NL,CIN,CIN,18,CIN,CIN
1482,1969,NL,HOU,HOU,21,HOU,HOU
1483,1969,NL,LAN,LAD,22,LAD,LAN
1484,1969,NL,MON,WSN,24,MON,MON
1485,1969,NL,NYN,NYM,25,NYM,NYN
1486,1969,NL,PHI,PHI,26,PHI,PHI
1487,1969,NL,PIT,PIT,27,PIT,PIT
1488,1969,NL,SDN,SDP,29,SDP,SDN
1489,1969,NL,SFN,SFG,30,SFG,SFN
1490,1969,NL,SLN,STL,28,STL,SLN
1491,1970,AL,BAL,BAL,2,BAL,BAL
1492,1970,AL,BOS,BOS,3,BOS,BOS
1493,1970,AL,CAL,ANA,1,CAL,CAL
1494,1970,AL,CHA,CHW,4,CHW,CHA
1495,1970,AL,CLE,CLE,5,CLE,CLE
1496,1970,AL,DET,DET,6,DET,DET
1497,1970,AL,KCA,KCR,7,KCR,KCA
1498,1970,AL,MIN,MIN,8,MIN,MIN
1499,1970,AL,ML4,MIL,23,MIL,MIL
1500,1970,AL,NYA,NYY,9,NYY,NYA
1501,1970,AL,OAK,OAK,10,OAK,OAK
1502,1970,AL,WS2,TEX,13,WSA,WS2
1503,1970,NL,ATL,ATL,16,ATL,ATL
1504,1970,NL,CHN,CHC,17,CHC,CHN
1505,1970,NL,CIN,CIN,18,CIN,CIN
1506,1970,NL,HOU,HOU,21,HOU,HOU
1507,1970,NL,LAN,LAD,22,LAD,LAN
1508,1970,NL,MON,WSN,24,MON,MON
1509,1970,NL,NYN,NYM,25,NYM,NYN
1510,1970,NL,PHI,PHI,26,PHI,PHI
1511,1970,NL,PIT,PIT,27,PIT,PIT
1512,1970,NL,SDN,SDP,29,SDP,SDN
1513,1970,NL,SFN,SFG,30,SFG,SFN
1514,1970,NL,SLN,STL,28,STL,SLN
1515,1971,AL,BAL,BAL,2,BAL,BAL
1516,1971,AL,BOS,BOS,3,BOS,BOS
1517,1971,AL,CAL,ANA,1,CAL,CAL
1518,1971,AL,CHA,CHW,4,CHW,CHA
1519,1971,AL,CLE,CLE,5,CLE,CLE
1520,1971,AL,DET,DET,6,DET,DET
1521,1971,AL,KCA,KCR,7,KCR,KCA
1522,1971,AL,MIN,MIN,8,MIN,MIN
1523,1971,AL,ML4,MIL,23,MIL,MIL
1524,1971,AL,NYA,NYY,9,NYY,NYA
1525,1971,AL,OAK,OAK,10,OAK,OAK
1526,1971,AL,WS2,TEX,13,WSA,WS2
1527,1971,NL,ATL,ATL,16,ATL,ATL
1528,1971,NL,CHN,CHC,17,CHC,CHN
1529,1971,NL,CIN,CIN,18,CIN,CIN
1530,1971,NL,HOU,HOU,21,HOU,HOU
1531,1971,NL,LAN,LAD,22,LAD,LAN
1532,1971,NL,MON,WSN,24,MON,MON
1533,1971,NL,NYN,NYM,25,NYM,NYN
1534,1971,NL,PHI,PHI,26,PHI,PHI
1535,1971,NL,PIT,PIT,27,PIT,PIT
1536,1971,NL,SDN,SDP,29,SDP,SDN
1537,1971,NL,SFN,SFG,30,SFG,SFN
1538,1971,NL,SLN,STL,28,STL,SLN
1539,1972,AL,BAL,BAL,2,BAL,BAL
1540,1972,AL,BOS,BOS,3,BOS,BOS
1541,1972,AL,CAL,ANA,1,CAL,CAL
1542,1972,AL,CHA,CHW,4,CHW,CHA
1543,1972,AL,CLE,CLE,5,CLE,CLE
1544,1972,AL,DET,DET,6,DET,DET
1545,1972,AL,KCA,KCR,7,KCR,KCA
1546,1972,AL,MIN,MIN,8,MIN,MIN
1547,1972,AL,ML4,MIL,23,MIL,MIL
1548,1972,AL,NYA,NYY,9,NYY,NYA
1549,1972,AL,OAK,OAK,10,OAK,OAK
1550,1972,AL,TEX,TEX,13,TEX,TEX
1551,1972,NL,ATL,ATL,16,ATL,ATL
1552,1972,NL,CHN,CHC,17,CHC,CHN
1553,1972,NL,CIN,CIN,18,CIN,CIN
1554,1972,NL,HOU,HOU,21,HOU,HOU
1555,1972,NL,LAN,LAD,22,LAD,LAN
1556,1972,NL,MON,WSN,24,MON,MON
1557,1972,NL,NYN,NYM,25,NYM,NYN
1558,1972,NL,PHI,PHI,26,PHI,PHI
1559,1972,NL,PIT,PIT,27,PIT,PIT
1560,1972,NL,SDN,SDP,29,SDP,SDN
1561,1972,NL,SFN,SFG,30,SFG,SFN
1562,1972,NL,SLN,STL,28,STL,SLN
1563,1973,AL,BAL,BAL,2,BAL,BAL
1564,1973,AL,BOS,BOS,3,BOS,BOS
1565,1973,AL,CAL,ANA,1,CAL,CAL
1566,1973,AL,CHA,CHW,4,CHW,CHA
1567,1973,AL,CLE,CLE,5,CLE,CLE
1568,1973,AL,DET,DET,6,DET,DET
1569,1973,AL,KCA,KCR,7,KCR,KCA
1570,1973,AL,MIN,MIN,8,MIN,MIN
1571,1973,AL,ML4,MIL,23,MIL,MIL
1572,1973,AL,NYA,NYY,9,NYY,NYA
1573,1973,AL,OAK,OAK,10,OAK,OAK
1574,1973,AL,TEX,TEX,13,TEX,TEX
1575,1973,NL,ATL,ATL,16,ATL,ATL
1576,1973,NL,CHN,CHC,17,CHC,CHN
1577,1973,NL,CIN,CIN,18,CIN,CIN
1578,1973,NL,HOU,HOU,21,HOU,HOU
1579,1973,NL,LAN,LAD,22,LAD,LAN
1580,1973,NL,MON,WSN,24,MON,MON
1581,1973,NL,NYN,NYM,25,NYM,NYN
1582,1973,NL,PHI,PHI,26,PHI,PHI
1583,1973,NL,PIT,PIT,27,PIT,PIT
1584,1973,NL,SDN,SDP,29,SDP,SDN
1585,1973,NL,SFN,SFG,30,SFG,SFN
1586,1973,NL,SLN,STL,28,STL,SLN
1587,1974,AL,BAL,BAL,2,BAL,BAL
1588,1974,AL,BOS,BOS,3,BOS,BOS
1589,1974,AL,CAL,ANA,1,CAL,CAL
1590,1974,AL,CHA,CHW,4,CHW,CHA
1591,1974,AL,CLE,CLE,5,CLE,CLE
1592,1974,AL,DET,DET,6,DET,DET
1593,1974,AL,KCA,KCR,7,KCR,KCA
1594,1974,AL,MIN,MIN,8,MIN,MIN
1595,1974,AL,ML4,MIL,23,MIL,MIL
1596,1974,AL,NYA,NYY,9,NYY,NYA
1597,1974,AL,OAK,OAK,10,OAK,OAK
1598,1974,AL,TEX,TEX,13,TEX,TEX
1599,1974,NL,ATL,ATL,16,ATL,ATL
1600,1974,NL,CHN,CHC,17,CHC,CHN
1601,1974,NL,CIN,CIN,18,CIN,CIN
1602,1974,NL,HOU,HOU,21,HOU,HOU
1603,1974,NL,LAN,LAD,22,LAD,LAN
1604,1974,NL,MON,WSN,24,MON,MON
1605,1974,NL,NYN,NYM,25,NYM,NYN
1606,1974,NL,PHI,PHI,26,PHI,PHI
1607,1974,NL,PIT,PIT,27,PIT,PIT
1608,1974,NL,SDN,SDP,29,SDP,SDN
1609,1974,NL,SFN,SFG,30,SFG,SFN
1610,1974,NL,SLN,STL,28,STL,SLN
1611,1975,AL,BAL,BAL,2,BAL,BAL
1612,1975,AL,BOS,BOS,3,BOS,BOS
1613,1975,AL,CAL,ANA,1,CAL,CAL
1614,1975,AL,CHA,CHW,4,CHW,CHA
1615,1975,AL,CLE,CLE,5,CLE,CLE
1616,1975,AL,DET,DET,6,DET,DET
1617,1975,AL,KCA,KCR,7,KCR,KCA
1618,1975,AL,MIN,MIN,8,MIN,MIN
1619,1975,AL,ML4,MIL,23,MIL,MIL
1620,1975,AL,NYA,NYY,9,NYY,NYA
1621,1975,AL,OAK,OAK,10,OAK,OAK
1622,1975,AL,TEX,TEX,13,TEX,TEX
1623,1975,NL,ATL,ATL,16,ATL,ATL
1624,1975,NL,CHN,CHC,17,CHC,CHN
1625,1975,NL,CIN,CIN,18,CIN,CIN
1626,1975,NL,HOU,HOU,21,HOU,HOU
1627,1975,NL,LAN,LAD,22,LAD,LAN
1628,1975,NL,MON,WSN,24,MON,MON
1629,1975,NL,NYN,NYM,25,NYM,NYN
1630,1975,NL,PHI,PHI,26,PHI,PHI
1631,1975,NL,PIT,PIT,27,PIT,PIT
1632,1975,NL,SDN,SDP,29,SDP,SDN
1633,1975,NL,SFN,SFG,30,SFG,SFN
1634,1975,NL,SLN,STL,28,STL,SLN
1635,1976,AL,BAL,BAL,2,BAL,BAL
1636,1976,AL,BOS,BOS,3,BOS,BOS
1637,1976,AL,CAL,ANA,1,CAL,CAL
1638,1976,AL,CHA,CHW,4,CHW,CHA
1639,1976,AL,CLE,CLE,5,CLE,CLE
1640,1976,AL,DET,DET,6,DET,DET
1641,1976,AL,KCA,KCR,7,KCR,KCA
1642,1976,AL,MIN,MIN,8,MIN,MIN
1643,1976,AL,ML4,MIL,23,MIL,MIL
1644,1976,AL,NYA,NYY,9,NYY,NYA
1645,1976,AL,OAK,OAK,10,OAK,OAK
1646,1976,AL,TEX,TEX,13,TEX,TEX
1647,1976,NL,ATL,ATL,16,ATL,ATL
1648,1976,NL,CHN,CHC,17,CHC,CHN
1649,1976,NL,CIN,CIN,18,CIN,CIN
1650,1976,NL,HOU,HOU,21,HOU,HOU
1651,1976,NL,LAN,LAD,22,LAD,LAN
1652,1976,NL,MON,WSN,24,MON,MON
1653,1976,NL,NYN,NYM,25,NYM,NYN
1654,1976,NL,PHI,PHI,26,PHI,PHI
1655,1976,NL,PIT,PIT,27,PIT,PIT
1656,1976,NL,SDN,SDP,29,SDP,SDN
1657,1976,NL,SFN,SFG,30,SFG,SFN
1658,1976,NL,SLN,STL,28,STL,SLN
1659,1977,AL,BAL,BAL,2,BAL,BAL
1660,1977,AL,BOS,BOS,3,BOS,BOS
1661,1977,AL,CAL,ANA,1,CAL,CAL
1662,1977,AL,CHA,CHW,4,CHW,CHA
1663,1977,AL,CLE,CLE,5,CLE,CLE
1664,1977,AL,DET,DET,6,DET,DET
1665,1977,AL,KCA,KCR,7,KCR,KCA
1666,1977,AL,MIN,MIN,8,MIN,MIN
1667,1977,AL,ML4,MIL,23,MIL,MIL
1668,1977,AL,NYA,NYY,9,NYY,NYA
1669,1977,AL,OAK,OAK,10,OAK,OAK
1670,1977,AL,SEA,SEA,11,SEA,SEA
1671,1977,AL,TEX,TEX,13,TEX,TEX
1672,1977,AL,TOR,TOR,14,TOR,TOR
1673,1977,NL,ATL,ATL,16,ATL,ATL
1674,1977,NL,CHN,CHC,17,CHC,CHN
1675,1977,NL,CIN,CIN,18,CIN,CIN
1676,1977,NL,HOU,HOU,21,HOU,HOU
1677,1977,NL,LAN,LAD,22,LAD,LAN
1678,1977,NL,MON,WSN,24,MON,MON
1679,1977,NL,NYN,NYM,25,NYM,NYN
1680,1977,NL,PHI,PHI,26,PHI,PHI
1681,1977,NL,PIT,PIT,27,PIT,PIT
1682,1977,NL,SDN,SDP,29,SDP,SDN
1683,1977,NL,SFN,SFG,30,SFG,SFN
1684,1977,NL,SLN,STL,28,STL,SLN
1685,1978,AL,BAL,BAL,2,BAL,BAL
1686,1978,AL,BOS,BOS,3,BOS,BOS
1687,1978,AL,CAL,ANA,1,CAL,CAL
1688,1978,AL,CHA,CHW,4,CHW,CHA
1689,1978,AL,CLE,CLE,5,CLE,CLE
1690,1978,AL,DET,DET,6,DET,DET
1691,1978,AL,KCA,KCR,7,KCR,KCA
1692,1978,AL,MIN,MIN,8,MIN,MIN
1693,1978,AL,ML4,MIL,23,MIL,MIL
1694,1978,AL,NYA,NYY,9,NYY,NYA
1695,1978,AL,OAK,OAK,10,OAK,OAK
1696,1978,AL,SEA,SEA,11,SEA,SEA
1697,1978,AL,TEX,TEX,13,TEX,TEX
1698,1978,AL,TOR,TOR,14,TOR,TOR
1699,1978,NL,ATL,ATL,16,ATL,ATL
1700,1978,NL,CHN,CHC,17,CHC,CHN
1701,1978,NL,CIN,CIN,18,CIN,CIN
1702,1978,NL,HOU,HOU,21,HOU,HOU
1703,1978,NL,LAN,LAD,22,LAD,LAN
1704,1978,NL,MON,WSN,24,MON,MON
1705,1978,NL,NYN,NYM,25,NYM,NYN
1706,1978,NL,PHI,PHI,26,PHI,PHI
1707,1978,NL,PIT,PIT,27,PIT,PIT
1708,1978,NL,SDN,SDP,29,SDP,SDN
1709,1978,NL,SFN,SFG,30,SFG,SFN
1710,1978,NL,SLN,STL,28,STL,SLN
1711,1979,AL,BAL,BAL,2,BAL,BAL
1712,1979,AL,BOS,BOS,3,BOS,BOS
1713,1979,AL,CAL,ANA,1,CAL,CAL
1714,1979,AL,CHA,CHW,4,CHW,CHA
1715,1979,AL,CLE,CLE,5,CLE,CLE
1716,1979,AL,DET,DET,6,DET,DET
1717,1979,AL,KCA,KCR,7,KCR,KCA
1718,1979,AL,MIN,MIN,8,MIN,MIN
1719,1979,AL,ML4,MIL,23,MIL,MIL
1720,1979,AL,NYA,NYY,9,NYY,NYA
1721,1979,AL,OAK,OAK,10,OAK,OAK
1722,1979,AL,SEA,SEA,11,SEA,SEA
1723,1979,AL,TEX,TEX,13,TEX,TEX
1724,1979,AL,TOR,TOR,14,TOR,TOR
1725,1979,NL,ATL,ATL,16,ATL,ATL
1726,1979,NL,CHN,CHC,17,CHC,CHN
1727,1979,NL,CIN,CIN,18,CIN,CIN
1728,1979,NL,HOU,HOU,21,HOU,HOU
1729,1979,NL,LAN,LAD,22,LAD,LAN
1730,1979,NL,MON,WSN,24,MON,MON
1731,1979,NL,NYN,NYM,25,NYM,NYN
1732,1979,NL,PHI,PHI,26,PHI,PHI
1733,1979,NL,PIT,PIT,27,PIT,PIT
1734,1979,NL,SDN,SDP,29,SDP,SDN
1735,1979,NL,SFN,SFG,30,SFG,SFN
1736,1979,NL,SLN,STL,28,STL,SLN
1737,1980,AL,BAL,BAL,2,BAL,BAL
1738,1980,AL,BOS,BOS,3,BOS,BOS
1739,1980,AL,CAL,ANA,1,CAL,CAL
1740,1980,AL,CHA,CHW,4,CHW,CHA
1741,1980,AL,CLE,CLE,5,CLE,CLE
1742,1980,AL,DET,DET,6,DET,DET
1743,1980,AL,KCA,KCR,7,KCR,KCA
1744,1980,AL,MIN,MIN,8,MIN,MIN
1745,1980,AL,ML4,MIL,23,MIL,MIL
1746,1980,AL,NYA,NYY,9,NYY,NYA
1747,1980,AL,OAK,OAK,10,OAK,OAK
1748,1980,AL,SEA,SEA,11,SEA,SEA
1749,1980,AL,TEX,TEX,13,TEX,TEX
1750,1980,AL,TOR,TOR,14,TOR,TOR
1751,1980,NL,ATL,ATL,16,ATL,ATL
1752,1980,NL,CHN,CHC,17,CHC,CHN
1753,1980,NL,CIN,CIN,18,CIN,CIN
1754,1980,NL,HOU,HOU,21,HOU,HOU
1755,1980,NL,LAN,LAD,22,LAD,LAN
1756,1980,NL,MON,WSN,24,MON,MON
1757,1980,NL,NYN,NYM,25,NYM,NYN
1758,1980,NL,PHI,PHI,26,PHI,PHI
1759,1980,NL,PIT,PIT,27,PIT,PIT
1760,1980,NL,SDN,SDP,29,SDP,SDN
1761,1980,NL,SFN,SFG,30,SFG,SFN
1762,1980,NL,SLN,STL,28,STL,SLN
1763,1981,AL,BAL,BAL,2,BAL,BAL
1764,1981,AL,BOS,BOS,3,BOS,BOS
1765,1981,AL,CAL,ANA,1,CAL,CAL
1766,1981,AL,CHA,CHW,4,CHW,CHA
1767,1981,AL,CLE,CLE,5,CLE,CLE
1768,1981,AL,DET,DET,6,DET,DET
1769,1981,AL,KCA,KCR,7,KCR,KCA
1770,1981,AL,MIN,MIN,8,MIN,MIN
1771,1981,AL,ML4,MIL,23,MIL,MIL
1772,1981,AL,NYA,NYY,9,NYY,NYA
1773,1981,AL,OAK,OAK,10,OAK,OAK
1774,1981,AL,SEA,SEA,11,SEA,SEA
1775,1981,AL,TEX,TEX,13,TEX,TEX
1776,1981,AL,TOR,TOR,14,TOR,TOR
1777,1981,NL,ATL,ATL,16,ATL,ATL
1778,1981,NL,CHN,CHC,17,CHC,CHN
1779,1981,NL,CIN,CIN,18,CIN,CIN
1780,1981,NL,HOU,HOU,21,HOU,HOU
1781,1981,NL,LAN,LAD,22,LAD,LAN
1782,1981,NL,MON,WSN,24,MON,MON
1783,1981,NL,NYN,NYM,25,NYM,NYN
1784,1981,NL,PHI,PHI,26,PHI,PHI
1785,1981,NL,PIT,PIT,27,PIT,PIT
1786,1981,NL,SDN,SDP,29,SDP,SDN
1787,1981,NL,SFN,SFG,30,SFG,SFN
1788,1981,NL,SLN,STL,28,STL,SLN
1789,1982,AL,BAL,BAL,2,BAL,BAL
1790,1982,AL,BOS,BOS,3,BOS,BOS
1791,1982,AL,CAL,ANA,1,CAL,CAL
1792,1982,AL,CHA,CHW,4,CHW,CHA
1793,1982,AL,CLE,CLE,5,CLE,CLE
1794,1982,AL,DET,DET,6,DET,DET
1795,1982,AL,KCA,KCR,7,KCR,KCA
1796,1982,AL,MIN,MIN,8,MIN,MIN
1797,1982,AL,ML4,MIL,23,MIL,MIL
1798,1982,AL,NYA,NYY,9,NYY,NYA
1799,1982,AL,OAK,OAK,10,OAK,OAK
1800,1982,AL,SEA,SEA,11,SEA,SEA
1801,1982,AL,TEX,TEX,13,TEX,TEX
1802,1982,AL,TOR,TOR,14,TOR,TOR
1803,1982,NL,ATL,ATL,16,ATL,ATL
1804,1982,NL,CHN,CHC,17,CHC,CHN
1805,1982,NL,CIN,CIN,18,CIN,CIN
1806,1982,NL,HOU,HOU,21,HOU,HOU
1807,1982,NL,LAN,LAD,22,LAD,LAN
1808,1982,NL,MON,WSN,24,MON,MON
1809,1982,NL,NYN,NYM,25,NYM,NYN
1810,1982,NL,PHI,PHI,26,PHI,PHI
1811,1982,NL,PIT,PIT,27,PIT,PIT
1812,1982,NL,SDN,SDP,29,SDP,SDN
1813,1982,NL,SFN,SFG,30,SFG,SFN
1814,1982,NL,SLN,STL,28,STL,SLN
1815,1983,AL,BAL,BAL,2,BAL,BAL
1816,1983,AL,BOS,BOS,3,BOS,BOS
1817,1983,AL,CAL,ANA,1,CAL,CAL
1818,1983,AL,CHA,CHW,4,CHW,CHA
1819,1983,AL,CLE,CLE,5,CLE,CLE
1820,1983,AL,DET,DET,6,DET,DET
1821,1983,AL,KCA,KCR,7,KCR,KCA
1822,1983,AL,MIN,MIN,8,MIN,MIN
1823,1983,AL,ML4,MIL,23,MIL,MIL
1824,1983,AL,NYA,NYY,9,NYY,NYA
1825,1983,AL,OAK,OAK,10,OAK,OAK
1826,1983,AL,SEA,SEA,11,SEA,SEA
1827,1983,AL,TEX,TEX,13,TEX,TEX
1828,1983,AL,TOR,TOR,14,TOR,TOR
1829,1983,NL,ATL,ATL,16,ATL,ATL
1830,1983,NL,CHN,CHC,17,CHC,CHN
1831,1983,NL,CIN,CIN,18,CIN,CIN
1832,1983,NL,HOU,HOU,21,HOU,HOU
1833,1983,NL,LAN,LAD,22,LAD,LAN
1834,1983,NL,MON,WSN,24,MON,MON
1835,1983,NL,NYN,NYM,25,NYM,NYN
1836,1983,NL,PHI,PHI,26,PHI,PHI
1837,1983,NL,PIT,PIT,27,PIT,PIT
1838,1983,NL,SDN,SDP,29,SDP,SDN
1839,1983,NL,SFN,SFG,30,SFG,SFN
1840,1983,NL,SLN,STL,28,STL,SLN
1841,1984,AL,BAL,BAL,2,BAL,BAL
1842,1984,AL,BOS,BOS,3,BOS,BOS
1843,1984,AL,CAL,ANA,1,CAL,CAL
1844,1984,AL,CHA,CHW,4,CHW,CHA
1845,1984,AL,CLE,CLE,5,CLE,CLE
1846,1984,AL,DET,DET,6,DET,DET
1847,1984,AL,KCA,KCR,7,KCR,KCA
1848,1984,AL,MIN,MIN,8,MIN,MIN
1849,1984,AL,ML4,MIL,23,MIL,MIL
1850,1984,AL,NYA,NYY,9,NYY,NYA
1851,1984,AL,OAK,OAK,10,OAK,OAK
1852,1984,AL,SEA,SEA,11,SEA,SEA
1853,1984,AL,TEX,TEX,13,TEX,TEX
1854,1984,AL,TOR,TOR,14,TOR,TOR
1855,1984,NL,ATL,ATL,16,ATL,ATL
1856,1984,NL,CHN,CHC,17,CHC,CHN
1857,1984,NL,CIN,CIN,18,CIN,CIN
1858,1984,NL,HOU,HOU,21,HOU,HOU
1859,1984,NL,LAN,LAD,22,LAD,LAN
1860,1984,NL,MON,WSN,24,MON,MON
1861,1984,NL,NYN,NYM,25,NYM,NYN
1862,1984,NL,PHI,PHI,26,PHI,PHI
1863,1984,NL,PIT,PIT,27,PIT,PIT
1864,1984,NL,SDN,SDP,29,SDP,SDN
1865,1984,NL,SFN,SFG,30,SFG,SFN
1866,1984,NL,SLN,STL,28,STL,SLN
1867,1985,AL,BAL,BAL,2,BAL,BAL
1868,1985,AL,BOS,BOS,3,BOS,BOS
1869,1985,AL,CAL,ANA,1,CAL,CAL
1870,1985,AL,CHA,CHW,4,CHW,CHA
1871,1985,AL,CLE,CLE,5,CLE,CLE
1872,1985,AL,DET,DET,6,DET,DET
1873,1985,AL,KCA,KCR,7,KCR,KCA
1874,1985,AL,MIN,MIN,8,MIN,MIN
1875,1985,AL,ML4,MIL,23,MIL,MIL
1876,1985,AL,NYA,NYY,9,NYY,NYA
1877,1985,AL,OAK,OAK,10,OAK,OAK
1878,1985,AL,SEA,SEA,11,SEA,SEA
1879,1985,AL,TEX,TEX,13,TEX,TEX
1880,1985,AL,TOR,TOR,14,TOR,TOR
1881,1985,NL,ATL,ATL,16,ATL,ATL
1882,1985,NL,CHN,CHC,17,CHC,CHN
1883,1985,NL,CIN,CIN,18,CIN,CIN
1884,1985,NL,HOU,HOU,21,HOU,HOU
1885,1985,NL,LAN,LAD,22,LAD,LAN
1886,1985,NL,MON,WSN,24,MON,MON
1887,1985,NL,NYN,NYM,25,NYM,NYN
1888,1985,NL,PHI,PHI,26,PHI,PHI
1889,1985,NL,PIT,PIT,27,PIT,PIT
1890,1985,NL,SDN,SDP,29,SDP,SDN
1891,1985,NL,SFN,SFG,30,SFG,SFN
1892,1985,NL,SLN,STL,28,STL,SLN
1893,1986,AL,BAL,BAL,2,BAL,BAL
1894,1986,AL,BOS,BOS,3,BOS,BOS
1895,1986,AL,CAL,ANA,1,CAL,CAL
1896,1986,AL,CHA,CHW,4,CHW,CHA
1897,1986,AL,CLE,CLE,5,CLE,CLE
1898,1986,AL,DET,DET,6,DET,DET
1899,1986,AL,KCA,KCR,7,KCR,KCA
1900,1986,AL,MIN,MIN,8,MIN,MIN
1901,1986,AL,ML4,MIL,23,MIL,MIL
1902,1986,AL,NYA,NYY,9,NYY,NYA
1903,1986,AL,OAK,OAK,10,OAK,OAK
1904,1986,AL,SEA,SEA,11,SEA,SEA
1905,1986,AL,TEX,TEX,13,TEX,TEX
1906,1986,AL,TOR,TOR,14,TOR,TOR
1907,1986,NL,ATL,ATL,16,ATL,ATL
1908,1986,NL,CHN,CHC,17,CHC,CHN
1909,1986,NL,CIN,CIN,18,CIN,CIN
1910,1986,NL,HOU,HOU,21,HOU,HOU
1911,1986,NL,LAN,LAD,22,LAD,LAN
1912,1986,NL,MON,WSN,24,MON,MON
1913,1986,NL,NYN,NYM,25,NYM,NYN
1914,1986,NL,PHI,PHI,26,PHI,PHI
1915,1986,NL,PIT,PIT,27,PIT,PIT
1916,1986,NL,SDN,SDP,29,SDP,SDN
1917,1986,NL,SFN,SFG,30,SFG,SFN
1918,1986,NL,SLN,STL,28,STL,SLN
1919,1987,AL,BAL,BAL,2,BAL,BAL
1920,1987,AL,BOS,BOS,3,BOS,BOS
1921,1987,AL,CAL,ANA,1,CAL,CAL
1922,1987,AL,CHA,CHW,4,CHW,CHA
1923,1987,AL,CLE,CLE,5,CLE,CLE
1924,1987,AL,DET,DET,6,DET,DET
1925,1987,AL,KCA,KCR,7,KCR,KCA
1926,1987,AL,MIN,MIN,8,MIN,MIN
1927,1987,AL,ML4,MIL,23,MIL,MIL
1928,1987,AL,NYA,NYY,9,NYY,NYA
1929,1987,AL,OAK,OAK,10,OAK,OAK
1930,1987,AL,SEA,SEA,11,SEA,SEA
1931,1987,AL,TEX,TEX,13,TEX,TEX
1932,1987,AL,TOR,TOR,14,TOR,TOR
1933,1987,NL,ATL,ATL,16,ATL,ATL
1934,1987,NL,CHN,CHC,17,CHC,CHN
1935,1987,NL,CIN,CIN,18,CIN,CIN
1936,1987,NL,HOU,HOU,21,HOU,HOU
1937,1987,NL,LAN,LAD,22,LAD,LAN
1938,1987,NL,MON,WSN,24,MON,MON
1939,1987,NL,NYN,NYM,25,NYM,NYN
1940,1987,NL,PHI,PHI,26,PHI,PHI
1941,1987,NL,PIT,PIT,27,PIT,PIT
1942,1987,NL,SDN,SDP,29,SDP,SDN
1943,1987,NL,SFN,SFG,30,SFG,SFN
1944,1987,NL,SLN,STL,28,STL,SLN
1945,1988,AL,BAL,BAL,2,BAL,BAL
1946,1988,AL,BOS,BOS,3,BOS,BOS
1947,1988,AL,CAL,ANA,1,CAL,CAL
1948,1988,AL,CHA,CHW,4,CHW,CHA
1949,1988,AL,CLE,CLE,5,CLE,CLE
1950,1988,AL,DET,DET,6,DET,DET
1951,1988,AL,KCA,KCR,7,KCR,KCA
1952,1988,AL,MIN,MIN,8,MIN,MIN
1953,1988,AL,ML4,MIL,23,MIL,MIL
1954,1988,AL,NYA,NYY,9,NYY,NYA
1955,1988,AL,OAK,OAK,10,OAK,OAK
1956,1988,AL,SEA,SEA,11,SEA,SEA
1957,1988,AL,TEX,TEX,13,TEX,TEX
1958,1988,AL,TOR,TOR,14,TOR,TOR
1959,1988,NL,ATL,ATL,16,ATL,ATL
1960,1988,NL,CHN,CHC,17,CHC,CHN
1961,1988,NL,CIN,CIN,18,CIN,CIN
1962,1988,NL,HOU,HOU,21,HOU,HOU
1963,1988,NL,LAN,LAD,22,LAD,LAN
1964,1988,NL,MON,WSN,24,MON,MON
1965,1988,NL,NYN,NYM,25,NYM,NYN
1966,1988,NL,PHI,PHI,26,PHI,PHI
1967,1988,NL,PIT,PIT,27,PIT,PIT
1968,1988,NL,SDN,SDP,29,SDP,SDN
1969,1988,NL,SFN,SFG,30,SFG,SFN
1970,1988,NL,SLN,STL,28,STL,SLN
1971,1989,AL,BAL,BAL,2,BAL,BAL
1972,1989,AL,BOS,BOS,3,BOS,BOS
1973,1989,AL,CAL,ANA,1,CAL,CAL
1974,1989,AL,CHA,CHW,4,CHW,CHA
1975,1989,AL,CLE,CLE,5,CLE,CLE
1976,1989,AL,DET,DET,6,DET,DET
1977,1989,AL,KCA,KCR,7,KCR,KCA
1978,1989,AL,MIN,MIN,8,MIN,MIN
1979,1989,AL,ML4,MIL,23,MIL,MIL
1980,1989,AL,NYA,NYY,9,NYY,NYA
1981,1989,AL,OAK,OAK,10,OAK,OAK
1982,1989,AL,SEA,SEA,11,SEA,SEA
1983,1989,AL,TEX,TEX,13,TEX,TEX
1984,1989,AL,TOR,TOR,14,TOR,TOR
1985,1989,NL,ATL,ATL,16,ATL,ATL
1986,1989,NL,CHN,CHC,17,CHC,CHN
1987,1989,NL,CIN,CIN,18,CIN,CIN
1988,1989,NL,HOU,HOU,21,HOU,HOU
1989,1989,NL,LAN,LAD,22,LAD,LAN
1990,1989,NL,MON,WSN,24,MON,MON
1991,1989,NL,NYN,NYM,25,NYM,NYN
1992,1989,NL,PHI,PHI,26,PHI,PHI
1993,1989,NL,PIT,PIT,27,PIT,PIT
1994,1989,NL,SDN,SDP,29,SDP,SDN
1995,1989,NL,SFN,SFG,30,SFG,SFN
1996,1989,NL,SLN,STL,28,STL,SLN
1997,1990,AL,BAL,BAL,2,BAL,BAL
1998,1990,AL,BOS,BOS,3,BOS,BOS
1999,1990,AL,CAL,ANA,1,CAL,CAL
2000,1990,AL,CHA,CHW,4,CHW,CHA
2001,1990,AL,CLE,CLE,5,CLE,CLE
2002,1990,AL,DET,DET,6,DET,DET
2003,1990,AL,KCA,KCR,7,KCR,KCA
2004,1990,AL,MIN,MIN,8,MIN,MIN
2005,1990,AL,ML4,MIL,23,MIL,MIL
2006,1990,AL,NYA,NYY,9,NYY,NYA
2007,1990,AL,OAK,OAK,10,OAK,OAK
2008,1990,AL,SEA,SEA,11,SEA,SEA
2009,1990,AL,TEX,TEX,13,TEX,TEX
2010,1990,AL,TOR,TOR,14,TOR,TOR
2011,1990,NL,ATL,ATL,16,ATL,ATL
2012,1990,NL,CHN,CHC,17,CHC,CHN
2013,1990,NL,CIN,CIN,18,CIN,CIN
2014,1990,NL,HOU,HOU,21,HOU,HOU
2015,1990,NL,LAN,LAD,22,LAD,LAN
2016,1990,NL,MON,WSN,24,MON,MON
2017,1990,NL,NYN,NYM,25,NYM,NYN
2018,1990,NL,PHI,PHI,26,PHI,PHI
2019,1990,NL,PIT,PIT,27,PIT,PIT
2020,1990,NL,SDN,SDP,29,SDP,SDN
2021,1990,NL,SFN,SFG,30,SFG,SFN
2022,1990,NL,SLN,STL,28,STL,SLN
2023,1991,AL,BAL,BAL,2,BAL,BAL
2024,1991,AL,BOS,BOS,3,BOS,BOS
2025,1991,AL,CAL,ANA,1,CAL,CAL
2026,1991,AL,CHA,CHW,4,CHW,CHA
2027,1991,AL,CLE,CLE,5,CLE,CLE
2028,1991,AL,DET,DET,6,DET,DET
2029,1991,AL,KCA,KCR,7,KCR,KCA
2030,1991,AL,MIN,MIN,8,MIN,MIN
2031,1991,AL,ML4,MIL,23,MIL,MIL
2032,1991,AL,NYA,NYY,9,NYY,NYA
2033,1991,AL,OAK,OAK,10,OAK,OAK
2034,1991,AL,SEA,SEA,11,SEA,SEA
2035,1991,AL,TEX,TEX,13,TEX,TEX
2036,1991,AL,TOR,TOR,14,TOR,TOR
2037,1991,NL,ATL,ATL,16,ATL,ATL
2038,1991,NL,CHN,CHC,17,CHC,CHN
2039,1991,NL,CIN,CIN,18,CIN,CIN
2040,1991,NL,HOU,HOU,21,HOU,HOU
2041,1991,NL,LAN,LAD,22,LAD,LAN
2042,1991,NL,MON,WSN,24,MON,MON
2043,1991,NL,NYN,NYM,25,NYM,NYN
2044,1991,NL,PHI,PHI,26,PHI,PHI
2045,1991,NL,PIT,PIT,27,PIT,PIT
2046,1991,NL,SDN,SDP,29,SDP,SDN
2047,1991,NL,SFN,SFG,30,SFG,SFN
2048,1991,NL,SLN,STL,28,STL,SLN
2049,1992,AL,BAL,BAL,2,BAL,BAL
2050,1992,AL,BOS,BOS,3,BOS,BOS
2051,1992,AL,CAL,ANA,1,CAL,CAL
2052,1992,AL,CHA,CHW,4,CHW,CHA
2053,1992,AL,CLE,CLE,5,CLE,CLE
2054,1992,AL,DET,DET,6,DET,DET
2055,1992,AL,KCA,KCR,7,KCR,KCA
2056,1992,AL,MIN,MIN,8,MIN,MIN
2057,1992,AL,ML4,MIL,23,MIL,MIL
2058,1992,AL,NYA,NYY,9,NYY,NYA
2059,1992,AL,OAK,OAK,10,OAK,OAK
2060,1992,AL,SEA,SEA,11,SEA,SEA
2061,1992,AL,TEX,TEX,13,TEX,TEX
2062,1992,AL,TOR,TOR,14,TOR,TOR
2063,1992,NL,ATL,ATL,16,ATL,ATL
2064,1992,NL,CHN,CHC,17,CHC,CHN
2065,1992,NL,CIN,CIN,18,CIN,CIN
2066,1992,NL,HOU,HOU,21,HOU,HOU
2067,1992,NL,LAN,LAD,22,LAD,LAN
2068,1992,NL,MON,WSN,24,MON,MON
2069,1992,NL,NYN,NYM,25,NYM,NYN
2070,1992,NL,PHI,PHI,26,PHI,PHI
2071,1992,NL,PIT,PIT,27,PIT,PIT
2072,1992,NL,SDN,SDP,29,SDP,SDN
2073,1992,NL,SFN,SFG,30,SFG,SFN
2074,1992,NL,SLN,STL,28,STL,SLN
2075,1993,AL,BAL,BAL,2,BAL,BAL
2076,1993,AL,BOS,BOS,3,BOS,BOS
2077,1993,AL,CAL,ANA,1,CAL,CAL
2078,1993,AL,CHA,CHW,4,CHW,CHA
2079,1993,AL,CLE,CLE,5,CLE,CLE
2080,1993,AL,DET,DET,6,DET,DET
2081,1993,AL,KCA,KCR,7,KCR,KCA
2082,1993,AL,MIN,MIN,8,MIN,MIN
2083,1993,AL,ML4,MIL,23,MIL,MIL
2084,1993,AL,NYA,NYY,9,NYY,NYA
2085,1993,AL,OAK,OAK,10,OAK,OAK
2086,1993,AL,SEA,SEA,11,SEA,SEA
2087,1993,AL,TEX,TEX,13,TEX,TEX
2088,1993,AL,TOR,TOR,14,TOR,TOR
2089,1993,NL,ATL,ATL,16,ATL,ATL
2090,1993,NL,CHN,CHC,17,CHC,CHN
2091,1993,NL,CIN,CIN,18,CIN,CIN
2092,1993,NL,COL,COL,19,COL,COL
2093,1993,NL,FLO,FLA,20,FLA,FLO
2094,1993,NL,HOU,HOU,21,HOU,HOU
2095,1993,NL,LAN,LAD,22,LAD,LAN
2096,1993,NL,MON,WSN,24,MON,MON
2097,1993,NL,NYN,NYM,25,NYM,NYN
2098,1993,NL,PHI,PHI,26,PHI,PHI
2099,1993,NL,PIT,PIT,27,PIT,PIT
2100,1993,NL,SDN,SDP,29,SDP,SDN
2101,1993,NL,SFN,SFG,30,SFG,SFN
2102,1993,NL,SLN,STL,28,STL,SLN
2103,1994,AL,BAL,BAL,2,BAL,BAL
2104,1994,AL,BOS,BOS,3,BOS,BOS
2105,1994,AL,CAL,ANA,1,CAL,CAL
2106,1994,AL,CHA,CHW,4,CHW,CHA
2107,1994,AL,CLE,CLE,5,CLE,CLE
2108,1994,AL,DET,DET,6,DET,DET
2109,1994,AL,KCA,KCR,7,KCR,KCA
2110,1994,AL,MIN,MIN,8,MIN,MIN
2111,1994,AL,ML4,MIL,23,MIL,MIL
2112,1994,AL,NYA,NYY,9,NYY,NYA
2113,1994,AL,OAK,OAK,10,OAK,OAK
2114,1994,AL,SEA,SEA,11,SEA,SEA
2115,1994,AL,TEX,TEX,13,TEX,TEX
2116,1994,AL,TOR,TOR,14,TOR,TOR
2117,1994,NL,ATL,ATL,16,ATL,ATL
2118,1994,NL,CHN,CHC,17,CHC,CHN
2119,1994,NL,CIN,CIN,18,CIN,CIN
2120,1994,NL,COL,COL,19,COL,COL
2121,1994,NL,FLO,FLA,20,FLA,FLO
2122,1994,NL,HOU,HOU,21,HOU,HOU
2123,1994,NL,LAN,LAD,22,LAD,LAN
2124,1994,NL,MON,WSN,24,MON,MON
2125,1994,NL,NYN,NYM,25,NYM,NYN
2126,1994,NL,PHI,PHI,26,PHI,PHI
2127,1994,NL,PIT,PIT,27,PIT,PIT
2128,1994,NL,SDN,SDP,29,SDP,SDN
2129,1994,NL,SFN,SFG,30,SFG,SFN
2130,1994,NL,SLN,STL,28,STL,SLN
2131,1995,AL,BAL,BAL,2,BAL,BAL
2132,1995,AL,BOS,BOS,3,BOS,BOS
2133,1995,AL,CAL,ANA,1,CAL,CAL
2134,1995,AL,CHA,CHW,4,CHW,CHA
2135,1995,AL,CLE,CLE,5,CLE,CLE
2136,1995,AL,DET,DET,6,DET,DET
2137,1995,AL,KCA,KCR,7,KCR,KCA
2138,1995,AL,MIN,MIN,8,MIN,MIN
2139,1995,AL,ML4,MIL,23,MIL,MIL
2140,1995,AL,NYA,NYY,9,NYY,NYA
2141,1995,AL,OAK,OAK,10,OAK,OAK
2142,1995,AL,SEA,SEA,11,SEA,SEA
2143,1995,AL,TEX,TEX,13,TEX,TEX
2144,1995,AL,TOR,TOR,14,TOR,TOR
2145,1995,NL,ATL,ATL,16,ATL,ATL
2146,1995,NL,CHN,CHC,17,CHC,CHN
2147,1995,NL,CIN,CIN,18,CIN,CIN
2148,1995,NL,COL,COL,19,COL,COL
2149,1995,NL,FLO,FLA,20,FLA,FLO
2150,1995,NL,HOU,HOU,21,HOU,HOU
2151,1995,NL,LAN,LAD,22,LAD,LAN
2152,1995,NL,MON,WSN,24,MON,MON
2153,1995,NL,NYN,NYM,25,NYM,NYN
2154,1995,NL,PHI,PHI,26,PHI,PHI
2155,1995,NL,PIT,PIT,27,PIT,PIT
2156,1995,NL,SDN,SDP,29,SDP,SDN
2157,1995,NL,SFN,SFG,30,SFG,SFN
2158,1995,NL,SLN,STL,28,STL,SLN
2159,1996,AL,BAL,BAL,2,BAL,BAL
2160,1996,AL,BOS,BOS,3,BOS,BOS
2161,1996,AL,CAL,ANA,1,CAL,CAL
2162,1996,AL,CHA,CHW,4,CHW,CHA
2163,1996,AL,CLE,CLE,5,CLE,CLE
2164,1996,AL,DET,DET,6,DET,DET
2165,1996,AL,KCA,KCR,7,KCR,KCA
2166,1996,AL,MIN,MIN,8,MIN,MIN
2167,1996,AL,ML4,MIL,23,MIL,MIL
2168,1996,AL,NYA,NYY,9,NYY,NYA
2169,1996,AL,OAK,OAK,10,OAK,OAK
2170,1996,AL,SEA,SEA,11,SEA,SEA
2171,1996,AL,TEX,TEX,13,TEX,TEX
2172,1996,AL,TOR,TOR,14,TOR,TOR
2173,1996,NL,ATL,ATL,16,ATL,ATL
2174,1996,NL,CHN,CHC,17,CHC,CHN
2175,1996,NL,CIN,CIN,18,CIN,CIN
2176,1996,NL,COL,COL,19,COL,COL
2177,1996,NL,FLO,FLA,20,FLA,FLO
2178,1996,NL,HOU,HOU,21,HOU,HOU
2179,1996,NL,LAN,LAD,22,LAD,LAN
2180,1996,NL,MON,WSN,24,MON,MON
2181,1996,NL,NYN,NYM,25,NYM,NYN
2182,1996,NL,PHI,PHI,26,PHI,PHI
2183,1996,NL,PIT,PIT,27,PIT,PIT
2184,1996,NL,SDN,SDP,29,SDP,SDN
2185,1996,NL,SFN,SFG,30,SFG,SFN
2186,1996,NL,SLN,STL,28,STL,SLN
2187,1997,AL,ANA,ANA,1,ANA,ANA
2188,1997,AL,BAL,BAL,2,BAL,BAL
2189,1997,AL,BOS,BOS,3,BOS,BOS
2190,1997,AL,CHA,CHW,4,CHW,CHA
2191,1997,AL,CLE,CLE,5,CLE,CLE
2192,1997,AL,DET,DET,6,DET,DET
2193,1997,AL,KCA,KCR,7,KCR,KCA
2194,1997,AL,MIN,MIN,8,MIN,MIN
2195,1997,AL,ML4,MIL,23,MIL,MIL
2196,1997,AL,NYA,NYY,9,NYY,NYA
2197,1997,AL,OAK,OAK,10,OAK,OAK
2198,1997,AL,SEA,SEA,11,SEA,SEA
2199,1997,AL,TEX,TEX,13,TEX,TEX
2200,1997,AL,TOR,TOR,14,TOR,TOR
2201,1997,NL,ATL,ATL,16,ATL,ATL
2202,1997,NL,CHN,CHC,17,CHC,CHN
2203,1997,NL,CIN,CIN,18,CIN,CIN
2204,1997,NL,COL,COL,19,COL,COL
2205,1997,NL,FLO,FLA,20,FLA,FLO
2206,1997,NL,HOU,HOU,21,HOU,HOU
2207,1997,NL,LAN,LAD,22,LAD,LAN
2208,1997,NL,MON,WSN,24,MON,MON
2209,1997,NL,NYN,NYM,25,NYM,NYN
2210,1997,NL,PHI,PHI,26,PHI,PHI
2211,1997,NL,PIT,PIT,27,PIT,PIT
2212,1997,NL,SDN,SDP,29,SDP,SDN
2213,1997,NL,SFN,SFG,30,SFG,SFN
2214,1997,NL,SLN,STL,28,STL,SLN
2215,1998,AL,ANA,ANA,1,ANA,ANA
2216,1998,AL,BAL,BAL,2,BAL,BAL
2217,1998,AL,BOS,BOS,3,BOS,BOS
2218,1998,AL,CHA,CHW,4,CHW,CHA
2219,1998,AL,CLE,CLE,5,CLE,CLE
2220,1998,AL,DET,DET,6,DET,DET
2221,1998,AL,KCA,KCR,7,KCR,KCA
2222,1998,AL,MIN,MIN,8,MIN,MIN
2223,1998,AL,NYA,NYY,9,NYY,NYA
2224,1998,AL,OAK,OAK,10,OAK,OAK
2225,1998,AL,SEA,SEA,11,SEA,SEA
2226,1998,AL,TBA,TBD,12,TBD,TBA
2227,1998,AL,TEX,TEX,13,TEX,TEX
2228,1998,AL,TOR,TOR,14,TOR,TOR
2229,1998,NL,ARI,ARI,15,ARI,ARI
2230,1998,NL,ATL,ATL,16,ATL,ATL
2231,1998,NL,CHN,CHC,17,CHC,CHN
2232,1998,NL,CIN,CIN,18,CIN,CIN
2233,1998,NL,COL,COL,19,COL,COL
2234,1998,NL,FLO,FLA,20,FLA,FLO
2235,1998,NL,HOU,HOU,21,HOU,HOU
2236,1998,NL,LAN,LAD,22,LAD,LAN
2237,1998,NL,MIL,MIL,23,MIL,MIL
2238,1998,NL,MON,WSN,24,MON,MON
2239,1998,NL,NYN,NYM,25,NYM,NYN
2240,1998,NL,PHI,PHI,26,PHI,PHI
2241,1998,NL,PIT,PIT,27,PIT,PIT
2242,1998,NL,SDN,SDP,29,SDP,SDN
2243,1998,NL,SFN,SFG,30,SFG,SFN
2244,1998,NL,SLN,STL,28,STL,SLN
2245,1999,AL,ANA,ANA,1,ANA,ANA
2246,1999,AL,BAL,BAL,2,BAL,BAL
2247,1999,AL,BOS,BOS,3,BOS,BOS
2248,1999,AL,CHA,CHW,4,CHW,CHA
2249,1999,AL,CLE,CLE,5,CLE,CLE
2250,1999,AL,DET,DET,6,DET,DET
2251,1999,AL,KCA,KCR,7,KCR,KCA
2252,1999,AL,MIN,MIN,8,MIN,MIN
2253,1999,AL,NYA,NYY,9,NYY,NYA
2254,1999,AL,OAK,OAK,10,OAK,OAK
2255,1999,AL,SEA,SEA,11,SEA,SEA
2256,1999,AL,TBA,TBD,12,TBD,TBA
2257,1999,AL,TEX,TEX,13,TEX,TEX
2258,1999,AL,TOR,TOR,14,TOR,TOR
2259,1999,NL,ARI,ARI,15,ARI,ARI
2260,1999,NL,ATL,ATL,16,ATL,ATL
2261,1999,NL,CHN,CHC,17,CHC,CHN
2262,1999,NL,CIN,CIN,18,CIN,CIN
2263,1999,NL,COL,COL,19,COL,COL
2264,1999,NL,FLO,FLA,20,FLA,FLO
2265,1999,NL,HOU,HOU,21,HOU,HOU
2266,1999,NL,LAN,LAD,22,LAD,LAN
2267,1999,NL,MIL,MIL,23,MIL,MIL
2268,1999,NL,MON,WSN,24,MON,MON
2269,1999,NL,NYN,NYM,25,NYM,NYN
2270,1999,NL,PHI,PHI,26,PHI,PHI
2271,1999,NL,PIT,PIT,27,PIT,PIT
2272,1999,NL,SDN,SDP,29,SDP,SDN
2273,1999,NL,SFN,SFG,30,SFG,SFN
2274,1999,NL,SLN,STL,28,STL,SLN
2275,2000,AL,ANA,ANA,1,ANA,ANA
2276,2000,AL,BAL,BAL,2,BAL,BAL
2277,2000,AL,BOS,BOS,3,BOS,BOS
2278,2000,AL,CHA,CHW,4,CHW,CHA
2279,2000,AL,CLE,CLE,5,CLE,CLE
2280,2000,AL,DET,DET,6,DET,DET
2281,2000,AL,KCA,KCR,7,KCR,KCA
2282,2000,AL,MIN,MIN,8,MIN,MIN
2283,2000,AL,NYA,NYY,9,NYY,NYA
2284,2000,AL,OAK,OAK,10,OAK,OAK
2285,2000,AL,SEA,SEA,11,SEA,SEA
2286,2000,AL,TBA,TBD,12,TBD,TBA
2287,2000,AL,TEX,TEX,13,TEX,TEX
2288,2000,AL,TOR,TOR,14,TOR,TOR
2289,2000,NL,ARI,ARI,15,ARI,ARI
2290,2000,NL,ATL,ATL,16,ATL,ATL
2291,2000,NL,CHN,CHC,17,CHC,CHN
2292,2000,NL,CIN,CIN,18,CIN,CIN
2293,2000,NL,COL,COL,19,COL,COL
2294,2000,NL,FLO,FLA,20,FLA,FLO
2295,2000,NL,HOU,HOU,21,HOU,HOU
2296,2000,NL,LAN,LAD,22,LAD,LAN
2297,2000,NL,MIL,MIL,23,MIL,MIL
2298,2000,NL,MON,WSN,24,MON,MON
2299,2000,NL,NYN,NYM,25,NYM,NYN
2300,2000,NL,PHI,PHI,26,PHI,PHI
2301,2000,NL,PIT,PIT,27,PIT,PIT
2302,2000,NL,SDN,SDP,29,SDP,SDN
2303,2000,NL,SFN,SFG,30,SFG,SFN
2304,2000,NL,SLN,STL,28,STL,SLN
2305,2001,AL,ANA,ANA,1,ANA,ANA
2306,2001,AL,BAL,BAL,2,BAL,BAL
2307,2001,AL,BOS,BOS,3,BOS,BOS
2308,2001,AL,CHA,CHW,4,CHW,CHA
2309,2001,AL,CLE,CLE,5,CLE,CLE
2310,2001,AL,DET,DET,6,DET,DET
2311,2001,AL,KCA,KCR,7,KCR,KCA
2312,2001,AL,MIN,MIN,8,MIN,MIN
2313,2001,AL,NYA,NYY,9,NYY,NYA
2314,2001,AL,OAK,OAK,10,OAK,OAK
2315,2001,AL,SEA,SEA,11,SEA,SEA
2316,2001,AL,TBA,TBD,12,TBD,TBA
2317,2001,AL,TEX,TEX,13,TEX,TEX
2318,2001,AL,TOR,TOR,14,TOR,TOR
2319,2001,NL,ARI,ARI,15,ARI,ARI
2320,2001,NL,ATL,ATL,16,ATL,ATL
2321,2001,NL,CHN,CHC,17,CHC,CHN
2322,2001,NL,CIN,CIN,18,CIN,CIN
2323,2001,NL,COL,COL,19,COL,COL
2324,2001,NL,FLO,FLA,20,FLA,FLO
2325,2001,NL,HOU,HOU,21,HOU,HOU
2326,2001,NL,LAN,LAD,22,LAD,LAN
2327,2001,NL,MIL,MIL,23,MIL,MIL
2328,2001,NL,MON,WSN,24,MON,MON
2329,2001,NL,NYN,NYM,25,NYM,NYN
2330,2001,NL,PHI,PHI,26,PHI,PHI
2331,2001,NL,PIT,PIT,27,PIT,PIT
2332,2001,NL,SDN,SDP,29,SDP,SDN
2333,2001,NL,SFN,SFG,30,SFG,SFN
2334,2001,NL,SLN,STL,28,STL,SLN
2335,2002,AL,ANA,ANA,1,ANA,ANA
2336,2002,AL,BAL,BAL,2,BAL,BAL
2337,2002,AL,BOS,BOS,3,BOS,BOS
2338,2002,AL,CHA,CHW,4,CHW,CHA
2339,2002,AL,CLE,CLE,5,CLE,CLE
2340,2002,AL,DET,DET,6,DET,DET
2341,2002,AL,KCA,KCR,7,KCR,KCA
2342,2002,AL,MIN,MIN,8,MIN,MIN
2343,2002,AL,NYA,NYY,9,NYY,NYA
2344,2002,AL,OAK,OAK,10,OAK,OAK
2345,2002,AL,SEA,SEA,11,SEA,SEA
2346,2002,AL,TBA,TBD,12,TBD,TBA
2347,2002,AL,TEX,TEX,13,TEX,TEX
2348,2002,AL,TOR,TOR,14,TOR,TOR
2349,2002,NL,ARI,ARI,15,ARI,ARI
2350,2002,NL,ATL,ATL,16,ATL,ATL
2351,2002,NL,CHN,CHC,17,CHC,CHN
2352,2002,NL,CIN,CIN,18,CIN,CIN
2353,2002,NL,COL,COL,19,COL,COL
2354,2002,NL,FLO,FLA,20,FLA,FLO
2355,2002,NL,HOU,HOU,21,HOU,HOU
2356,2002,NL,LAN,LAD,22,LAD,LAN
2357,2002,NL,MIL,MIL,23,MIL,MIL
2358,2002,NL,MON,WSN,24,MON,MON
2359,2002,NL,NYN,NYM,25,NYM,NYN
2360,2002,NL,PHI,PHI,26,PHI,PHI
2361,2002,NL,PIT,PIT,27,PIT,PIT
2362,2002,NL,SDN,SDP,29,SDP,SDN
2363,2002,NL,SFN,SFG,30,SFG,SFN
2364,2002,NL,SLN,STL,28,STL,SLN
2365,2003,AL,ANA,ANA,1,ANA,ANA
2366,2003,AL,BAL,BAL,2,BAL,BAL
2367,2003,AL,BOS,BOS,3,BOS,BOS
2368,2003,AL,CHA,CHW,4,CHW,CHA
2369,2003,AL,CLE,CLE,5,CLE,CLE
2370,2003,AL,DET,DET,6,DET,DET
2371,2003,AL,KCA,KCR,7,KCR,KCA
2372,2003,AL,MIN,MIN,8,MIN,MIN
2373,2003,AL,NYA,NYY,9,NYY,NYA
2374,2003,AL,OAK,OAK,10,OAK,OAK
2375,2003,AL,SEA,SEA,11,SEA,SEA
2376,2003,AL,TBA,TBD,12,TBD,TBA
2377,2003,AL,TEX,TEX,13,TEX,TEX
2378,2003,AL,TOR,TOR,14,TOR,TOR
2379,2003,NL,ARI,ARI,15,ARI,ARI
2380,2003,NL,ATL,ATL,16,ATL,ATL
2381,2003,NL,CHN,CHC,17,CHC,CHN
2382,2003,NL,CIN,CIN,18,CIN,CIN
2383,2003,NL,COL,COL,19,COL,COL
2384,2003,NL,FLO,FLA,20,FLA,FLO
2385,2003,NL,HOU,HOU,21,HOU,HOU
2386,2003,NL,LAN,LAD,22,LAD,LAN
2387,2003,NL,MIL,MIL,23,MIL,MIL
2388,2003,NL,MON,WSN,24,MON,MON
2389,2003,NL,NYN,NYM,25,NYM,NYN
2390,2003,NL,PHI,PHI,26,PHI,PHI
2391,2003,NL,PIT,PIT,27,PIT,PIT
2392,2003,NL,SDN,SDP,29,SDP,SDN
2393,2003,NL,SFN,SFG,30,SFG,SFN
2394,2003,NL,SLN,STL,28,STL,SLN
2395,2004,AL,ANA,ANA,1,ANA,ANA
2396,2004,AL,BAL,BAL,2,BAL,BAL
2397,2004,AL,BOS,BOS,3,BOS,BOS
2398,2004,AL,CHA,CHW,4,CHW,CHA
2399,2004,AL,CLE,CLE,5,CLE,CLE
2400,2004,AL,DET,DET,6,DET,DET
2401,2004,AL,KCA,KCR,7,KCR,KCA
2402,2004,AL,MIN,MIN,8,MIN,MIN
2403,2004,AL,NYA,NYY,9,NYY,NYA
2404,2004,AL,OAK,OAK,10,OAK,OAK
2405,2004,AL,SEA,SEA,11,SEA,SEA
2406,2004,AL,TBA,TBD,12,TBD,TBA
2407,2004,AL,TEX,TEX,13,TEX,TEX
2408,2004,AL,TOR,TOR,14,TOR,TOR
2409,2004,NL,ARI,ARI,15,ARI,ARI
2410,2004,NL,ATL,ATL,16,ATL,ATL
2411,2004,NL,CHN,CHC,17,CHC,CHN
2412,2004,NL,CIN,CIN,18,CIN,CIN
2413,2004,NL,COL,COL,19,COL,COL
2414,2004,NL,FLO,FLA,20,FLA,FLO
2415,2004,NL,HOU,HOU,21,HOU,HOU
2416,2004,NL,LAN,LAD,22,LAD,LAN
2417,2004,NL,MIL,MIL,23,MIL,MIL
2418,2004,NL,MON,WSN,24,MON,MON
2419,2004,NL,NYN,NYM,25,NYM,NYN
2420,2004,NL,PHI,PHI,26,PHI,PHI
2421,2004,NL,PIT,PIT,27,PIT,PIT
2422,2004,NL,SDN,SDP,29,SDP,SDN
2423,2004,NL,SFN,SFG,30,SFG,SFN
2424,2004,NL,SLN,STL,28,STL,SLN
2425,2005,AL,BAL,BAL,2,BAL,BAL
2426,2005,AL,BOS,BOS,3,BOS,BOS
2427,2005,AL,CHA,CHW,4,CHW,CHA
2428,2005,AL,CLE,CLE,5,CLE,CLE
2429,2005,AL,DET,DET,6,DET,DET
2430,2005,AL,KCA,KCR,7,KCR,KCA
2431,2005,AL,LAA,ANA,1,LAA,ANA
2432,2005,AL,MIN,MIN,8,MIN,MIN
2433,2005,AL,NYA,NYY,9,NYY,NYA
2434,2005,AL,OAK,OAK,10,OAK,OAK
2435,2005,AL,SEA,SEA,11,SEA,SEA
2436,2005,AL,TBA,TBD,12,TBD,TBA
2437,2005,AL,TEX,TEX,13,TEX,TEX
2438,2005,AL,TOR,TOR,14,TOR,TOR
2439,2005,NL,ARI,ARI,15,ARI,ARI
2440,2005,NL,ATL,ATL,16,ATL,ATL
2441,2005,NL,CHN,CHC,17,CHC,CHN
2442,2005,NL,CIN,CIN,18,CIN,CIN
2443,2005,NL,COL,COL,19,COL,COL
2444,2005,NL,FLO,FLA,20,FLA,FLO
2445,2005,NL,HOU,HOU,21,HOU,HOU
2446,2005,NL,LAN,LAD,22,LAD,LAN
2447,2005,NL,MIL,MIL,23,MIL,MIL
2448,2005,NL,NYN,NYM,25,NYM,NYN
2449,2005,NL,PHI,PHI,26,PHI,PHI
2450,2005,NL,PIT,PIT,27,PIT,PIT
2451,2005,NL,SDN,SDP,29,SDP,SDN
2452,2005,NL,SFN,SFG,30,SFG,SFN
2453,2005,NL,SLN,STL,28,STL,SLN
2454,2005,NL,WAS,WSN,24,WSN,WAS
2455,2006,AL,BAL,BAL,2,BAL,BAL
2456,2006,AL,BOS,BOS,3,BOS,BOS
2457,2006,AL,CHA,CHW,4,CHW,CHA
2458,2006,AL,CLE,CLE,5,CLE,CLE
2459,2006,AL,DET,DET,6,DET,DET
2460,2006,AL,KCA,KCR,7,KCR,KCA
2461,2006,AL,LAA,ANA,1,LAA,ANA
2462,2006,AL,MIN,MIN,8,MIN,MIN
2463,2006,AL,NYA,NYY,9,NYY,NYA
2464,2006,AL,OAK,OAK,10,OAK,OAK
2465,2006,AL,SEA,SEA,11,SEA,SEA
2466,2006,AL,TBA,TBD,12,TBD,TBA
2467,2006,AL,TEX,TEX,13,TEX,TEX
2468,2006,AL,TOR,TOR,14,TOR,TOR
2469,2006,NL,ARI,ARI,15,ARI,ARI
2470,2006,NL,ATL,ATL,16,ATL,ATL
2471,2006,NL,CHN,CHC,17,CHC,CHN
2472,2006,NL,CIN,CIN,18,CIN,CIN
2473,2006,NL,COL,COL,19,COL,COL
2474,2006,NL,FLO,FLA,20,FLA,FLO
2475,2006,NL,HOU,HOU,21,HOU,HOU
2476,2006,NL,LAN,LAD,22,LAD,LAN
2477,2006,NL,MIL,MIL,23,MIL,MIL
2478,2006,NL,NYN,NYM,25,NYM,NYN
2479,2006,NL,PHI,PHI,26,PHI,PHI
2480,2006,NL,PIT,PIT,27,PIT,PIT
2481,2006,NL,SDN,SDP,29,SDP,SDN
2482,2006,NL,SFN,SFG,30,SFG,SFN
2483,2006,NL,SLN,STL,28,STL,SLN
2484,2006,NL,WAS,WSN,24,WSN,WAS
2485,2007,AL,BAL,BAL,2,BAL,BAL
2486,2007,AL,BOS,BOS,3,BOS,BOS
2487,2007,AL,CHA,CHW,4,CHW,CHA
2488,2007,AL,CLE,CLE,5,CLE,CLE
2489,2007,AL,DET,DET,6,DET,DET
2490,2007,AL,KCA,KCR,7,KCR,KCA
2491,2007,AL,LAA,ANA,1,LAA,ANA
2492,2007,AL,MIN,MIN,8,MIN,MIN
2493,2007,AL,NYA,NYY,9,NYY,NYA
2494,2007,AL,OAK,OAK,10,OAK,OAK
2495,2007,AL,SEA,SEA,11,SEA,SEA
2496,2007,AL,TBA,TBD,12,TBD,TBA
2497,2007,AL,TEX,TEX,13,TEX,TEX
2498,2007,AL,TOR,TOR,14,TOR,TOR
2499,2007,NL,ARI,ARI,15,ARI,ARI
2500,2007,NL,ATL,ATL,16,ATL,ATL
2501,2007,NL,CHN,CHC,17,CHC,CHN
2502,2007,NL,CIN,CIN,18,CIN,CIN
2503,2007,NL,COL,COL,19,COL,COL
2504,2007,NL,FLO,FLA,20,FLA,FLO
2505,2007,NL,HOU,HOU,21,HOU,HOU
2506,2007,NL,LAN,LAD,22,LAD,LAN
2507,2007,NL,MIL,MIL,23,MIL,MIL
2508,2007,NL,NYN,NYM,25,NYM,NYN
2509,2007,NL,PHI,PHI,26,PHI,PHI
2510,2007,NL,PIT,PIT,27,PIT,PIT
2511,2007,NL,SDN,SDP,29,SDP,SDN
2512,2007,NL,SFN,SFG,30,SFG,SFN
2513,2007,NL,SLN,STL,28,STL,SLN
2514,2007,NL,WAS,WSN,24,WSN,WAS
2515,2008,AL,BAL,BAL,2,BAL,BAL
2516,2008,AL,BOS,BOS,3,BOS,BOS
2517,2008,AL,CHA,CHW,4,CHW,CHA
2518,2008,AL,CLE,CLE,5,CLE,CLE
2519,2008,AL,DET,DET,6,DET,DET
2520,2008,AL,KCA,KCR,7,KCR,KCA
2521,2008,AL,LAA,ANA,1,LAA,ANA
2522,2008,AL,MIN,MIN,8,MIN,MIN
2523,2008,AL,NYA,NYY,9,NYY,NYA
2524,2008,AL,OAK,OAK,10,OAK,OAK
2525,2008,AL,SEA,SEA,11,SEA,SEA
2526,2008,AL,TBA,TBD,12,TBR,TBA
2527,2008,AL,TEX,TEX,13,TEX,TEX
2528,2008,AL,TOR,TOR,14,TOR,TOR
2529,2008,NL,ARI,ARI,15,ARI,ARI
2530,2008,NL,ATL,ATL,16,ATL,ATL
2531,2008,NL,CHN,CHC,17,CHC,CHN
2532,2008,NL,CIN,CIN,18,CIN,CIN
2533,2008,NL,COL,COL,19,COL,COL
2534,2008,NL,FLO,FLA,20,FLA,FLO
2535,2008,NL,HOU,HOU,21,HOU,HOU
2536,2008,NL,LAN,LAD,22,LAD,LAN
2537,2008,NL,MIL,MIL,23,MIL,MIL
2538,2008,NL,NYN,NYM,25,NYM,NYN
2539,2008,NL,PHI,PHI,26,PHI,PHI
2540,2008,NL,PIT,PIT,27,PIT,PIT
2541,2008,NL,SDN,SDP,29,SDP,SDN
2542,2008,NL,SFN,SFG,30,SFG,SFN
2543,2008,NL,SLN,STL,28,STL,SLN
2544,2008,NL,WAS,WSN,24,WSN,WAS
2545,2009,AL,BAL,BAL,2,BAL,BAL
2546,2009,AL,BOS,BOS,3,BOS,BOS
2547,2009,AL,CHA,CHW,4,CHW,CHA
2548,2009,AL,CLE,CLE,5,CLE,CLE
2549,2009,AL,DET,DET,6,DET,DET
2550,2009,AL,KCA,KCR,7,KCR,KCA
2551,2009,AL,LAA,ANA,1,LAA,ANA
2552,2009,AL,MIN,MIN,8,MIN,MIN
2553,2009,AL,NYA,NYY,9,NYY,NYA
2554,2009,AL,OAK,OAK,10,OAK,OAK
2555,2009,AL,SEA,SEA,11,SEA,SEA
2556,2009,AL,TBA,TBD,12,TBR,TBA
2557,2009,AL,TEX,TEX,13,TEX,TEX
2558,2009,AL,TOR,TOR,14,TOR,TOR
2559,2009,NL,ARI,ARI,15,ARI,ARI
2560,2009,NL,ATL,ATL,16,ATL,ATL
2561,2009,NL,CHN,CHC,17,CHC,CHN
2562,2009,NL,CIN,CIN,18,CIN,CIN
2563,2009,NL,COL,COL,19,COL,COL
2564,2009,NL,FLO,FLA,20,FLA,FLO
2565,2009,NL,HOU,HOU,21,HOU,HOU
2566,2009,NL,LAN,LAD,22,LAD,LAN
2567,2009,NL,MIL,MIL,23,MIL,MIL
2568,2009,NL,NYN,NYM,25,NYM,NYN
2569,2009,NL,PHI,PHI,26,PHI,PHI
2570,2009,NL,PIT,PIT,27,PIT,PIT
2571,2009,NL,SDN,SDP,29,SDP,SDN
2572,2009,NL,SFN,SFG,30,SFG,SFN
2573,2009,NL,SLN,STL,28,STL,SLN
2574,2009,NL,WAS,WSN,24,WSN,WAS
2575,2010,AL,BAL,BAL,2,BAL,BAL
2576,2010,AL,BOS,BOS,3,BOS,BOS
2577,2010,AL,CHA,CHW,4,CHW,CHA
2578,2010,AL,CLE,CLE,5,CLE,CLE
2579,2010,AL,DET,DET,6,DET,DET
2580,2010,AL,KCA,KCR,7,KCR,KCA
2581,2010,AL,LAA,ANA,1,LAA,ANA
2582,2010,AL,MIN,MIN,8,MIN,MIN
2583,2010,AL,NYA,NYY,9,NYY,NYA
2584,2010,AL,OAK,OAK,10,OAK,OAK
2585,2010,AL,SEA,SEA,11,SEA,SEA
2586,2010,AL,TBA,TBD,12,TBR,TBA
2587,2010,AL,TEX,TEX,13,TEX,TEX
2588,2010,AL,TOR,TOR,14,TOR,TOR
2589,2010,NL,ARI,ARI,15,ARI,ARI
2590,2010,NL,ATL,ATL,16,ATL,ATL
2591,2010,NL,CHN,CHC,17,CHC,CHN
2592,2010,NL,CIN,CIN,18,CIN,CIN
2593,2010,NL,COL,COL,19,COL,COL
2594,2010,NL,FLO,FLA,20,FLA,FLO
2595,2010,NL,HOU,HOU,21,HOU,HOU
2596,2010,NL,LAN,LAD,22,LAD,LAN
2597,2010,NL,MIL,MIL,23,MIL,MIL
2598,2010,NL,NYN,NYM,25,NYM,NYN
2599,2010,NL,PHI,PHI,26,PHI,PHI
2600,2010,NL,PIT,PIT,27,PIT,PIT
2601,2010,NL,SDN,SDP,29,SDP,SDN
2602,2010,NL,SFN,SFG,30,SFG,SFN
2603,2010,NL,SLN,STL,28,STL,SLN
2604,2010,NL,WAS,WSN,24,WSN,WAS
2605,2011,AL,BAL,BAL,2,BAL,BAL
2606,2011,AL,BOS,BOS,3,BOS,BOS
2607,2011,AL,CHA,CHW,4,CHW,CHA
2608,2011,AL,CLE,CLE,5,CLE,CLE
2609,2011,AL,DET,DET,6,DET,DET
2610,2011,AL,KCA,KCR,7,KCR,KCA
2611,2011,AL,LAA,ANA,1,LAA,ANA
2612,2011,AL,MIN,MIN,8,MIN,MIN
2613,2011,AL,NYA,NYY,9,NYY,NYA
2614,2011,AL,OAK,OAK,10,OAK,OAK
2615,2011,AL,SEA,SEA,11,SEA,SEA
2616,2011,AL,TBA,TBD,12,TBR,TBA
2617,2011,AL,TEX,TEX,13,TEX,TEX
2618,2011,AL,TOR,TOR,14,TOR,TOR
2619,2011,NL,ARI,ARI,15,ARI,ARI
2620,2011,NL,ATL,ATL,16,ATL,ATL
2621,2011,NL,CHN,CHC,17,CHC,CHN
2622,2011,NL,CIN,CIN,18,CIN,CIN
2623,2011,NL,COL,COL,19,COL,COL
2624,2011,NL,FLO,FLA,20,FLA,FLO
2625,2011,NL,HOU,HOU,21,HOU,HOU
2626,2011,NL,LAN,LAD,22,LAD,LAN
2627,2011,NL,MIL,MIL,23,MIL,MIL
2628,2011,NL,NYN,NYM,25,NYM,NYN
2629,2011,NL,PHI,PHI,26,PHI,PHI
2630,2011,NL,PIT,PIT,27,PIT,PIT
2631,2011,NL,SDN,SDP,29,SDP,SDN
2632,2011,NL,SFN,SFG,30,SFG,SFN
2633,2011,NL,SLN,STL,28,STL,SLN
2634,2011,NL,WAS,WSN,24,WSN,WAS
2635,2012,AL,BAL,BAL,2,BAL,BAL
2636,2012,AL,BOS,BOS,3,BOS,BOS
2637,2012,AL,CHA,CHW,4,CHW,CHA
2638,2012,AL,CLE,CLE,5,CLE,CLE
2639,2012,AL,DET,DET,6,DET,DET
2640,2012,AL,KCA,KCR,7,KCR,KCA
2641,2012,AL,LAA,ANA,1,LAA,ANA
2642,2012,AL,MIN,MIN,8,MIN,MIN
2643,2012,AL,NYA,NYY,9,NYY,NYA
2644,2012,AL,OAK,OAK,10,OAK,OAK
2645,2012,AL,SEA,SEA,11,SEA,SEA
2646,2012,AL,TBA,TBD,12,TBR,TBA
2647,2012,AL,TEX,TEX,13,TEX,TEX
2648,2012,AL,TOR,TOR,14,TOR,TOR
2649,2012,NL,ARI,ARI,15,ARI,ARI
2650,2012,NL,ATL,ATL,16,ATL,ATL
2651,2012,NL,CHN,CHC,17,CHC,CHN
2652,2012,NL,CIN,CIN,18,CIN,CIN
2653,2012,NL,COL,COL,19,COL,COL
2654,2012,NL,HOU,HOU,21,HOU,HOU
2655,2012,NL,LAN,LAD,22,LAD,LAN
2656,2012,NL,MIA,FLA,20,MIA,MIA
2657,2012,NL,MIL,MIL,23,MIL,MIL
2658,2012,NL,NYN,NYM,25,NYM,NYN
2659,2012,NL,PHI,PHI,26,PHI,PHI
2660,2012,NL,PIT,PIT,27,PIT,PIT
2661,2012,NL,SDN,SDP,29,SDP,SDN
2662,2012,NL,SFN,SFG,30,SFG,SFN
2663,2012,NL,SLN,STL,28,STL,SLN
2664,2012,NL,WAS,WSN,24,WSN,WAS
2665,2013,AL,BAL,BAL,2,BAL,BAL
2666,2013,AL,BOS,BOS,3,BOS,BOS
2667,2013,AL,CHA,CHW,4,CHW,CHA
2668,2013,AL,CLE,CLE,5,CLE,CLE
2669,2013,AL,DET,DET,6,DET,DET
2670,2013,AL,HOU,HOU,21,HOU,HOU
2671,2013,AL,KCA,KCR,7,KCR,KCA
2672,2013,AL,LAA,ANA,1,LAA,ANA
2673,2013,AL,MIN,MIN,8,MIN,MIN
2674,2013,AL,NYA,NYY,9,NYY,NYA
2675,2013,AL,OAK,OAK,10,OAK,OAK
2676,2013,AL,SEA,SEA,11,SEA,SEA
2677,2013,AL,TBA,TBD,12,TBR,TBA
2678,2013,AL,TEX,TEX,13,TEX,TEX
2679,2013,AL,TOR,TOR,14,TOR,TOR
2680,2013,NL,ARI,ARI,15,ARI,ARI
2681,2013,NL,ATL,ATL,16,ATL,ATL
2682,2013,NL,CHN,CHC,17,CHC,CHN
2683,2013,NL,CIN,CIN,18,CIN,CIN
2684,2013,NL,COL,COL,19,COL,COL
2685,2013,NL,LAN,LAD,22,LAD,LAN
2686,2013,NL,MIA,FLA,20,MIA,MIA
2687,2013,NL,MIL,MIL,23,MIL,MIL
2688,2013,NL,NYN,NYM,25,NYM,NYN
2689,2013,NL,PHI,PHI,26,PHI,PHI
2690,2013,NL,PIT,PIT,27,PIT,PIT
2691,2013,NL,SDN,SDP,29,SDP,SDN
2692,2013,NL,SFN,SFG,30,SFG,SFN
2693,2013,NL,SLN,STL,28,STL,SLN
2694,2013,NL,WAS,WSN,24,WSN,WAS
2695,2014,AL,BAL,BAL,2,BAL,BAL
2696,2014,AL,BOS,BOS,3,BOS,BOS
2697,2014,AL,CHA,CHW,4,CHW,CHA
2698,2014,AL,CLE,CLE,5,CLE,CLE
2699,2014,AL,DET,DET,6,DET,DET
2700,2014,AL,HOU,HOU,21,HOU,HOU
2701,2014,AL,KCA,KCR,7,KCR,KCA
2702,2014,AL,LAA,ANA,1,LAA,ANA
2703,2014,AL,MIN,MIN,8,MIN,MIN
2704,2014,AL,NYA,NYY,9,NYY,NYA
2705,2014,AL,OAK,OAK,10,OAK,OAK
2706,2014,AL,SEA,SEA,11,SEA,SEA
2707,2014,AL,TBA,TBD,12,TBR,TBA
2708,2014,AL,TEX,TEX,13,TEX,TEX
2709,2014,AL,TOR,TOR,14,TOR,TOR
2710,2014,NL,ARI,ARI,15,ARI,ARI
2711,2014,NL,ATL,ATL,16,ATL,ATL
2712,2014,NL,CHN,CHC,17,CHC,CHN
2713,2014,NL,CIN,CIN,18,CIN,CIN
2714,2014,NL,COL,COL,19,COL,COL
2715,2014,NL,LAN,LAD,22,LAD,LAN
2716,2014,NL,MIA,FLA,20,MIA,MIA
2717,2014,NL,MIL,MIL,23,MIL,MIL
2718,2014,NL,NYN,NYM,25,NYM,NYN
2719,2014,NL,PHI,PHI,26,PHI,PHI
2720,2014,NL,PIT,PIT,27,PIT,PIT
2721,2014,NL,SDN,SDP,29,SDP,SDN
2722,2014,NL,SFN,SFG,30,SFG,SFN
2723,2014,NL,SLN,STL,28,STL,SLN
2724,2014,NL,WAS,WSN,24,WSN,WAS
2725,2015,AL,BAL,BAL,2,BAL,BAL
2726,2015,AL,BOS,BOS,3,BOS,BOS
2727,2015,AL,CHA,CHW,4,CHW,CHA
2728,2015,AL,CLE,CLE,5,CLE,CLE
2729,2015,AL,DET,DET,6,DET,DET
2730,2015,AL,HOU,HOU,21,HOU,HOU
2731,2015,AL,KCA,KCR,7,KCR,KCA
2732,2015,AL,LAA,ANA,1,LAA,ANA
2733,2015,AL,MIN,MIN,8,MIN,MIN
2734,2015,AL,NYA,NYY,9,NYY,NYA
2735,2015,AL,OAK,OAK,10,OAK,OAK
2736,2015,AL,SEA,SEA,11,SEA,SEA
2737,2015,AL,TBA,TBD,12,TBR,TBA
2738,2015,AL,TEX,TEX,13,TEX,TEX
2739,2015,AL,TOR,TOR,14,TOR,TOR
2740,2015,NL,ARI,ARI,15,ARI,ARI
2741,2015,NL,ATL,ATL,16,ATL,ATL
2742,2015,NL,CHN,CHC,17,CHC,CHN
2743,2015,NL,CIN,CIN,18,CIN,CIN
2744,2015,NL,COL,COL,19,COL,COL
2745,2015,NL,LAN,LAD,22,LAD,LAN
2746,2015,NL,MIA,FLA,20,MIA,MIA
2747,2015,NL,MIL,MIL,23,MIL,MIL
2748,2015,NL,NYN,NYM,25,NYM,NYN
2749,2015,NL,PHI,PHI,26,PHI,PHI
2750,2015,NL,PIT,PIT,27,PIT,PIT
2751,2015,NL,SDN,SDP,29,SDP,SDN
2752,2015,NL,SFN,SFG,30,SFG,SFN
2753,2015,NL,SLN,STL,28,STL,SLN
2754,2015,NL,WAS,WSN,24,WSN,WAS
2755,2016,AL,BAL,BAL,2,BAL,BAL
2756,2016,AL,BOS,BOS,3,BOS,BOS
2757,2016,AL,CHA,CHW,4,CHW,CHA
2758,2016,AL,CLE,CLE,5,CLE,CLE
2759,2016,AL,DET,DET,6,DET,DET
2760,2016,AL,HOU,HOU,21,HOU,HOU
2761,2016,AL,KCA,KCR,7,KCR,KCA
2762,2016,AL,LAA,ANA,1,LAA,ANA
2763,2016,AL,MIN,MIN,8,MIN,MIN
2764,2016,AL,NYA,NYY,9,NYY,NYA
2765,2016,AL,OAK,OAK,10,OAK,OAK
2766,2016,AL,SEA,SEA,11,SEA,SEA
2767,2016,AL,TBA,TBD,12,TBR,TBA
2768,2016,AL,TEX,TEX,13,TEX,TEX
2769,2016,AL,TOR,TOR,14,TOR,TOR
2770,2016,NL,ARI,ARI,15,ARI,ARI
2771,2016,NL,ATL,ATL,16,ATL,ATL
2772,2016,NL,CHN,CHC,17,CHC,CHN
2773,2016,NL,CIN,CIN,18,CIN,CIN
2774,2016,NL,COL,COL,19,COL,COL
2775,2016,NL,LAN,LAD,22,LAD,LAN
2776,2016,NL,MIA,FLA,20,MIA,MIA
2777,2016,NL,MIL,MIL,23,MIL,MIL
2778,2016,NL,NYN,NYM,25,NYM,NYN
2779,2016,NL,PHI,PHI,26,PHI,PHI
2780,2016,NL,PIT,PIT,27,PIT,PIT
2781,2016,NL,SDN,SDP,29,SDP,SDN
2782,2016,NL,SFN,SFG,30,SFG,SFN
2783,2016,NL,SLN,STL,28,STL,SLN
2784,2016,NL,WAS,WSN,24,WSN,WAS
2785,2017,AL,BAL,BAL,2,BAL,BAL
2786,2017,AL,BOS,BOS,3,BOS,BOS
2787,2017,AL,CHA,CHW,4,CHW,CHA
2788,2017,AL,CLE,CLE,5,CLE,CLE
2789,2017,AL,DET,DET,6,DET,DET
2790,2017,AL,HOU,HOU,21,HOU,HOU
2791,2017,AL,KCA,KCR,7,KCR,KCA
2792,2017,AL,LAA,ANA,1,LAA,ANA
2793,2017,AL,MIN,MIN,8,MIN,MIN
2794,2017,AL,NYA,NYY,9,NYY,NYA
2795,2017,AL,OAK,OAK,10,OAK,OAK
2796,2017,AL,SEA,SEA,11,SEA,SEA
2797,2017,AL,TBA,TBD,12,TBR,TBA
2798,2017,AL,TEX,TEX,13,TEX,TEX
2799,2017,AL,TOR,TOR,14,TOR,TOR
2800,2017,NL,ARI,ARI,15,ARI,ARI
2801,2017,NL,ATL,ATL,16,ATL,ATL
2802,2017,NL,CHN,CHC,17,CHC,CHN
2803,2017,NL,CIN,CIN,18,CIN,CIN
2804,2017,NL,COL,COL,19,COL,COL
2805,2017,NL,LAN,LAD,22,LAD,LAN
2806,2017,NL,MIA,FLA,20,MIA,MIA
2807,2017,NL,MIL,MIL,23,MIL,MIL
2808,2017,NL,NYN,NYM,25,NYM,NYN
2809,2017,NL,PHI,PHI,26,PHI,PHI
2810,2017,NL,PIT,PIT,27,PIT,PIT
2811,2017,NL,SDN,SDP,29,SDP,SDN
2812,2017,NL,SFN,SFG,30,SFG,SFN
2813,2017,NL,SLN,STL,28,STL,SLN
2814,2017,NL,WAS,WSN,24,WSN,WAS
2815,2018,AL,BAL,BAL,2,BAL,BAL
2816,2018,AL,BOS,BOS,3,BOS,BOS
2817,2018,AL,CHA,CHW,4,CHW,CHA
2818,2018,AL,CLE,CLE,5,CLE,CLE
2819,2018,AL,DET,DET,6,DET,DET
2820,2018,AL,HOU,HOU,21,HOU,HOU
2821,2018,AL,KCA,KCR,7,KCR,KCA
2822,2018,AL,LAA,ANA,1,LAA,ANA
2823,2018,AL,MIN,MIN,8,MIN,MIN
2824,2018,AL,NYA,NYY,9,NYY,NYA
2825,2018,AL,OAK,OAK,10,OAK,OAK
2826,2018,AL,SEA,SEA,11,SEA,SEA
2827,2018,AL,TBA,TBD,12,TBR,TBA
2828,2018,AL,TEX,TEX,13,TEX,TEX
2829,2018,AL,TOR,TOR,14,TOR,TOR
2830,2018,NL,ARI,ARI,15,ARI,ARI
2831,2018,NL,ATL,ATL,16,ATL,ATL
2832,2018,NL,CHN,CHC,17,CHC,CHN
2833,2018,NL,CIN,CIN,18,CIN,CIN
2834,2018,NL,COL,COL,19,COL,COL
2835,2018,NL,LAN,LAD,22,LAD,LAN
2836,2018,NL,MIA,FLA,20,MIA,MIA
2837,2018,NL,MIL,MIL,23,MIL,MIL
2838,2018,NL,NYN,NYM,25,NYM,NYN
2839,2018,NL,PHI,PHI,26,PHI,PHI
2840,2018,NL,PIT,PIT,27,PIT,PIT
2841,2018,NL,SDN,SDP,29,SDP,SDN
2842,2018,NL,SFN,SFG,30,SFG,SFN
2843,2018,NL,SLN,STL,28,STL,SLN
2844,2018,NL,WAS,WSN,24,WSN,WAS
2845,2019,AL,BAL,BAL,2,BAL,BAL
2846,2019,AL,BOS,BOS,3,BOS,BOS
2847,2019,AL,CHA,CHW,4,CHW,CHA
2848,2019,AL,CLE,CLE,5,CLE,CLE
2849,2019,AL,DET,DET,6,DET,DET
2850,2019,AL,HOU,HOU,21,HOU,HOU
2851,2019,AL,KCA,KCR,7,KCR,KCA
2852,2019,AL,LAA,ANA,1,LAA,ANA
2853,2019,AL,MIN,MIN,8,MIN,MIN
2854,2019,AL,NYA,NYY,9,NYY,NYA
2855,2019,AL,OAK,OAK,10,OAK,OAK
2856,2019,AL,SEA,SEA,11,SEA,SEA
2857,2019,AL,TBA,TBD,12,TBR,TBA
2858,2019,AL,TEX,TEX,13,TEX,TEX
2859,2019,AL,TOR,TOR,14,TOR,TOR
2860,2019,NL,ARI,ARI,15,ARI,ARI
2861,2019,NL,ATL,ATL,16,ATL,ATL
2862,2019,NL,CHN,CHC,17,CHC,CHN
2863,2019,NL,CIN,CIN,18,CIN,CIN
2864,2019,NL,COL,COL,19,COL,COL
2865,2019,NL,LAN,LAD,22,LAD,LAN
2866,2019,NL,MIA,FLA,20,MIA,MIA
2867,2019,NL,MIL,MIL,23,MIL,MIL
2868,2019,NL,NYN,NYM,25,NYM,NYN
2869,2019,NL,PHI,PHI,26,PHI,PHI
2870,2019,NL,PIT,PIT,27,PIT,PIT
2871,2019,NL,SDN,SDP,29,SDP,SDN
2872,2019,NL,SFN,SFG,30,SFG,SFN
2873,2019,NL,SLN,STL,28,STL,SLN
2874,2019,NL,WAS,WSN,24,WSN,WAS
2875,2020,AL,BAL,BAL,2,BAL,BAL
2876,2020,AL,BOS,BOS,3,BOS,BOS
2877,2020,AL,CHA,CHW,4,CHW,CHA
2878,2020,AL,CLE,CLE,5,CLE,CLE
2879,2020,AL,DET,DET,6,DET,DET
2880,2020,AL,HOU,HOU,21,HOU,HOU
2881,2020,AL,KCA,KCR,7,KCR,KCA
2882,2020,AL,LAA,ANA,1,LAA,ANA
2883,2020,AL,MIN,MIN,8,MIN,MIN
2884,2020,AL,NYA,NYY,9,NYY,NYA
2885,2020,AL,OAK,OAK,10,OAK,OAK
2886,2020,AL,SEA,SEA,11,SEA,SEA
2887,2020,AL,TBA,TBD,12,TBR,TBA
2888,2020,AL,TEX,TEX,13,TEX,TEX
2889,2020,AL,TOR,TOR,14,TOR,TOR
2890,2020,NL,ARI,ARI,15,ARI,ARI
2891,2020,NL,ATL,ATL,16,ATL,ATL
2892,2020,NL,CHN,CHC,17,CHC,CHN
2893,2020,NL,CIN,CIN,18,CIN,CIN
2894,2020,NL,COL,COL,19,COL,COL
2895,2020,NL,LAN,LAD,22,LAD,LAN
2896,2020,NL,MIA,FLA,20,MIA,MIA
2897,2020,NL,MIL,MIL,23,MIL,MIL
2898,2020,NL,NYN,NYM,25,NYM,NYN
2899,2020,NL,PHI,PHI,26,PHI,PHI
2900,2020,NL,PIT,PIT,27,PIT,PIT
2901,2020,NL,SDN,SDP,29,SDP,SDN
2902,2020,NL,SFN,SFG,30,SFG,SFN
2903,2020,NL,SLN,STL,28,STL,SLN
2904,2020,NL,WAS,WSN,24,WSN,WAS
2905,2021,AL,BAL,BAL,2,BAL,BAL
2906,2021,AL,BOS,BOS,3,BOS,BOS
2907,2021,AL,CHA,CHW,4,CHW,CHA
2908,2021,AL,CLE,CLE,5,CLE,CLE
2909,2021,AL,DET,DET,6,DET,DET
2910,2021,AL,HOU,HOU,21,HOU,HOU
2911,2021,AL,KCA,KCR,7,KCR,KCA
2912,2021,AL,LAA,ANA,1,LAA,ANA
2913,2021,AL,MIN,MIN,8,MIN,MIN
2914,2021,AL,NYA,NYY,9,NYY,NYA
2915,2021,AL,OAK,OAK,10,OAK,OAK
2916,2021,AL,SEA,SEA,11,SEA,SEA
2917,2021,AL,TBA,TBD,12,TBR,TBA
2918,2021,AL,TEX,TEX,13,TEX,TEX
2919,2021,AL,TOR,TOR,14,TOR,TOR
2920,2021,NL,ARI,ARI,15,ARI,ARI
2921,2021,NL,ATL,ATL,16,ATL,ATL
2922,2021,NL,CHN,CHC,17,CHC,CHN
2923,2021,NL,CIN,CIN,18,CIN,CIN
2924,2021,NL,COL,COL,19,COL,COL
2925,2021,NL,LAN,LAD,22,LAD,LAN
2926,2021,NL,MIA,FLA,20,MIA,MIA
2927,2021,NL,MIL,MIL,23,MIL,MIL
2928,2021,NL,NYN,NYM,25,NYM,NYN
2929,2021,NL,PHI,PHI,26,PHI,PHI
2930,2021,NL,PIT,PIT,27,PIT,PIT
2931,2021,NL,SDN,SDP,29,SDP,SDN
2932,2021,NL,SFN,SFG,30,SFG,SFN
2933,2021,NL,SLN,STL,28,STL,SLN
2934,2021,NL,WAS,WSN,24,WSN,WAS
